actual,predicted.gaussian,predicted.svm,predicted.random,actual_scaled,predicted.neural$net.result
381,398.516287057966,418.351251102861,362.554366666667,0.283983849259758,0.281065837872467
268,231.794194754388,263.775190045365,268.469033333333,0.235531628532974,0.240617752924976
393,385.550798256582,385.900842603499,362.367,0.236877523553163,0.252590099510702
295,296.445278809167,302.669729855093,306.340566666667,0.576043068640646,0.560049771657399
578,573.599514168349,568.498406430919,555.523133333333,0.566621803499327,0.570785616607871
715,698.134598512978,713.242349681883,677.528566666667,0.781965006729475,0.776532055723426
318,331.856210229284,341.287950987955,323.438333333334,0.776581426648721,0.774674201521364
319,311.307993366626,317.496504525881,315.495166666667,0.818304172274563,0.78468774123324
445,446.849366582426,449.007687523854,455.686933333334,0.761776581426649,0.758110082327726
337,321.773430212349,323.376326935057,327.488266666666,0.721399730820996,0.719127515448642
786,758.210081193268,771.466324959861,724.1398,0.899057873485868,0.891051730489959
362,348.360294473761,340.99843331092,344.459,0.857335127860027,0.850882078598576
400,384.653975987466,377.373194912968,389.786233333333,0.869448183041723,0.866999448679524
286,288.3493359491,305.565787582101,285.7053,0.51278600269179,0.509289478652549
249,245.918392414629,231.246141735066,247.3952,0.402422611036339,0.400004996910955
447,451.889417826838,446.102589430223,443.1234,0.5814266487214,0.583438678470794
367,355.404688256104,350.920526780364,341.103333333333,0.278600269179004,0.275099897495371
256,265.887954247907,242.611428118123,256.382533333333,0.281292059219381,0.291028014027725
264,257.185487301484,260.320817774397,268.609066666667,0.376850605652759,0.367627676836467
314,306.969390788961,297.411866125616,303.491033333333,0.362045760430686,0.370730286342036
685,671.477840220231,671.581542882941,660.6996,0.387617765814266,0.384289010042332
385,380.644696081731,373.496481683183,382.470066666667,0.843876177658143,0.828356692437034
456,427.218375813697,438.626860572447,421.648333333333,0.713324360699865,0.696821567542872
268,261.155447235124,271.810711069676,262.908866666667,0.791386271870794,0.788120639758351
555,527.469634948502,533.758724673673,513.8028,0.566621803499327,0.555589391643798
333,333.014008542734,331.217356901835,326.671666666667,0.759084791386272,0.752871696983133
607,605.210472916563,589.446530516029,584.268833333333,0.745625841184388,0.720641584155515
304,310.976156801307,289.614687396021,289.1975,0.594885598923284,0.585919387209779
653,638.470819042981,648.640042562964,649.665633333333,0.419919246298789,0.409441085457389
309,301.458613763409,293.894274448259,303.8605,0.362045760430686,0.375981324881621
740,732.257506886186,724.068627269985,709.3374,0.269179004037685,0.291808708021139
335,314.681469486916,312.05362128317,341.782966666667,0.434724091520861,0.431670261120567
234,241.122542420543,244.938745665908,244.9079,0.301480484522207,0.317057532435218
462,454.799948570213,464.482549928958,435.540633333333,0.32436069986541,0.330899489047479
430,419.775641630726,421.47416597902,420.183066666667,0.327052489905787,0.350770887306339
423,423.27328650836,423.321441052545,417.268933333334,0.32436069986541,0.32578899246456
622,682.35278774135,705.284348399939,688.508966666667,0.352624495289367,0.358838478894581
276,259.431008971167,266.991858591928,271.8131,0.450874831763122,0.452083245362647
318,355.576764890134,353.452422322951,354.9332,0.453566621803499,0.45795596239164
625,620.802777186757,620.54967628869,608.131366666667,0.374158815612382,0.368617434131327
371,361.569166815549,361.749314790899,365.515966666667,0.339165545087483,0.332920365221053
264,257.869043582781,260.08105148334,255.927833333334,0.345895020188425,0.341234630355111
649,636.091433804105,639.455605481095,642.892833333334,0.349932705248991,0.342629337592805
441,444.590461165535,456.963551071691,448.462033333333,0.574697173620458,0.568871902249962
616,602.538191031381,604.910763873125,595.836033333333,0.577388963660834,0.576614462829027
744,725.392687959996,722.160425598633,689.914,0.562584118438762,0.555250255847127
245,207.367105384001,247.631924203148,259.250866666667,0.535666218034993,0.531751933347996
503,500.198547701706,488.550245035848,509.869,0.584118438761777,0.582677561259803
314,301.41334737559,295.995639222064,306.903833333333,0.526244952893674,0.527343935831257
482,475.946033668191,474.880416793609,463.502366666667,0.449528936742934,0.448829490637483
236,235.709856417285,240.104878608984,247.649233333333,0.534320323014805,0.540462798386234
371,356.693525892595,352.337655124596,383.5726,0.497981157469717,0.500246270699048
370,359.127376310749,349.340235340848,342.014266666667,0.646029609690444,0.636027497373536
675,650.293390000861,663.632633723547,654.456133333334,0.554508748317631,0.548063139044213
739,735.491419591453,724.266121809288,693.433466666667,0.636608344549125,0.630792944506511
312,324.734660965262,321.410382585291,317.831233333333,0.546433378196501,0.54554275291131
383,377.31683937645,371.373221629861,374.392033333333,0.539703903095559,0.545183285871989
519,524.295584438554,526.831289625375,521.469533333333,0.46164199192463,0.389873563096023
262,275.54090481449,282.023350250749,284.4407,0.440107671601615,0.423691830499419
591,565.864239224156,569.587584112245,528.805533333333,0.584118438761777,0.59361773686528
347,350.692253093307,344.566784206016,343.070933333334,0.379542395693136,0.367339544741428
199,224.172798345391,227.282035237879,250.383566666667,0.278600269179004,0.277913709066074
411,409.752806648227,408.05222641865,404.588366666667,0.271870794078062,0.276391238175111
539,526.464682747888,513.752589039995,515.242266666667,0.270524899057873,0.270642504775289
741,724.052124253149,732.652458677429,717.473266666667,0.2907133243607,0.293555805238443
229,214.189898959658,234.08804117908,229.956366666667,0.244952893674293,0.245305104392336
358,338.381899655138,333.665771707613,326.6993,0.263795423956931,0.259948486352684
655,652.665037453368,662.594500435301,637.4813,0.300134589502019,0.297686429246203
385,398.677448373438,391.643316854308,387.877666666667,0.277254374158816,0.277651136521591
626,610.926539183706,616.781457226734,626.353066666667,0.23956931359354,0.244908794035039
496,503.663512683988,516.847129711812,515.666966666667,0.368775235531629,0.326687234144823
313,407.994400221719,437.494777024814,395.5551,0.353970390309556,0.298437632437395
289,289.888617684447,286.307435104812,287.914366666667,0.345895020188425,0.290728413633117
531,523.026862750573,525.893949926907,508.5435,0.312247644683715,0.304438965713253
303,275.444350926526,300.397596592081,293.9157,0.302826379542396,0.293998926336749
516,509.624843498347,510.160183697975,513.744833333334,0.32436069986541,0.327807394984754
325,378.631354674614,370.583344368454,374.292466666667,0.267833109017497,0.267580642687827
428,395.105040132406,401.663904326661,395.8525,0.189771197846568,0.195489387926864
432,443.762636586624,456.135044171129,441.572133333333,0.193808882907133,0.236602531230848
533,523.2183810898,521.325948257412,516.3289,0.562584118438762,0.542618450776054
318,340.721241222974,317.127524506701,322.808666666667,0.456258411843876,0.425818981041059
455,460.850768701031,457.673187234609,442.850166666666,0.710632570659489,0.704610610052542
781,758.802737484926,770.031212339287,751.207333333333,0.633916554508748,0.630637838728769
236,237.672924998355,241.788480174689,262.9702,0.707940780619112,0.70593770854671
309,319.234871778301,323.976968925519,319.411133333333,0.670255720053836,0.658058631159456
358,362.749683847557,368.833792031041,358.9972,0.609690444145357,0.592925893921115
480,464.135582978577,466.887747869943,457.1224,0.868102288021534,0.871177048989601
306,314.57804372732,297.36271314308,308.476633333333,0.851951547779273,0.851698461703489
470,459.317925594753,460.194394286249,462.1161,0.705248990578735,0.690215131220407
558,537.712670979751,540.76873392372,533.2506,0.502018842530283,0.50049658460004
378,354.466764534207,367.596109429801,370.055766666667,0.378196500672948,0.378879449093934
540,595.168816648149,607.713154046919,599.124566666667,0.570659488559892,0.5699785700057
286,299.279954400508,266.155145209557,294.834733333333,0.301480484522207,0.300214989697208
594,596.067170572531,602.708164570767,572.4368,0.321668909825034,0.325067761630618
274,267.810805966356,267.453805374812,272.650066666667,0.388963660834455,0.38390953977243
235,253.368207329228,233.399798095531,240.4439,0.380888290713324,0.39666357293316
382,398.743210768886,408.629334627652,420.549666666666,0.407806191117093,0.405015338890286
752,738.976588654447,732.88229295396,729.093733333334,0.794078061911171,0.801139200259536
339,340.370518505774,334.38258769902,333.814833333333,0.685060565275909,0.672957446155614
313,313.20473728638,317.171701146965,308.697133333333,0.757738896366083,0.753910415254476
661,645.3634271858,664.998627386916,635.884266666667,0.629878869448183,0.610173225188544
451,452.158741709139,454.457987349519,434.465566666667,0.706594885598923,0.690092346368546
250,251.824674841843,267.446906229981,265.744566666667,0.650067294751009,0.650798664892378
586,586.817403799867,564.433098895552,570.824933333333,0.577388963660834,0.565588380155098
617,592.707445379152,608.29223697063,550.958766666667,0.467025572005384,0.470597392627615
373,392.26490379001,385.237827218682,367.645933333333,0.306864064602961,0.31988026412434
386,384.719126510624,386.823163756025,384.710366666667,0.257065948855989,0.272211614423859
315,303.989213686574,304.988381999864,324.1286,0.242261103633917,0.311474289975265
395,360.141979981183,365.240751602023,375.3158,0.267833109017497,0.278792715062121
517,505.478325674165,504.286808647692,507.3675,0.492597577388964,0.48156815375605
368,369.457193098095,364.022960889522,369.374866666667,0.292059219380888,0.32246181460126
411,422.787778096062,422.962959597151,404.7585,0.360699865410498,0.35783713165454
401,406.943998760105,406.503322476991,400.6078,0.313593539703903,0.317575556900327
230,222.592613493885,238.856432718672,261.663233333333,0.34185733512786,0.34903483774385
324,320.467557890208,313.248394483265,323.363366666667,0.375504710632571,0.385186051080337
450,451.093060794093,446.724846578407,432.4826,0.401076716016151,0.395669141862033
670,659.727997626919,663.676844839189,645.025733333333,0.321668909825034,0.317571390919537
268,290.710471203207,289.722900489656,286.357433333333,0.31628532974428,0.309488821813368
611,612.449858772758,617.480354315025,605.520666666666,0.337819650067295,0.336933511332822
316,303.635066370493,295.536560436467,311.583766666667,0.566621803499327,0.559114368598005
282,312.365887470886,291.772859509614,267.405766666667,0.573351278600269,0.57523664810291
310,307.163225361416,303.570583442843,312.106733333333,0.598923283983849,0.643755833613638
591,586.438730462333,596.421946238966,576.930833333333,0.546433378196501,0.589416426759364
514,509.435539250531,522.059561521357,514.188633333333,0.597577388963661,0.601942848798012
321,315.053155700053,306.108363625576,321.587333333333,0.405114401076716,0.402203600927113
487,488.063787992945,478.616727433537,459.9604,0.379542395693136,0.394802073190311
779,760.897020420214,770.844484211073,744.85,0.526244952893674,0.509996112023955
274,279.996394705609,279.869187578562,290.864266666666,0.499327052489906,0.478899468669851
278,279.671044848439,262.52025091601,262.3313,0.736204576043069,0.718504316695268
620,611.822586584976,601.565665361073,617.2983,0.51278600269179,0.559601652068598
251,257.887104907863,256.965586262292,263.926266666667,0.676985195154778,0.661134792636473
291,259.178323865342,286.970964948284,299.6973,0.386271870794078,0.326812546461066
423,430.96357035308,421.661405502368,365.428766666667,0.446837146702557,0.388751308660357
318,332.272445194646,316.454319162136,302.538766666667,0.323014804845222,0.269804568768422
307,299.649789992488,323.365823437142,298.708133333333,0.559892328398385,0.551960549715471
424,405.426146250479,408.25640548689,413.0232,0.497981157469717,0.480151463789371
510,501.644284965589,504.144112824224,506.989766666667,0.390309555854643,0.371942679306969
524,513.518418501596,524.348379230058,528.402566666667,0.343203230148048,0.341396463958234
685,671.569499009779,685.093428475146,653.338166666666,0.320323014804845,0.324752960294984
367,373.527294805633,373.813650464136,376.047933333333,0.242261103633917,0.276002105110531
304,303.371041112592,280.38052577431,280.901933333333,0.218034993270525,0.255234414729575
294,291.276384421505,273.647319280647,287.307566666667,0.288021534320323,0.286589415021006
541,547.062948943353,544.718325507641,535.549533333333,0.231493943472409,0.230770135216461
224,235.251159823498,230.8463231823,249.102366666667,0.301480484522207,0.304341987633863
766,726.689469124433,736.317236638457,701.659966666667,0.313593539703903,0.299559531444549
367,355.429914520715,352.860667083469,337.288666666667,0.282637954239569,0.280343586563346
298,293.75759988615,299.818065694276,302.2222,0.283983849259758,0.279177379747013
440,446.47590281419,435.930892936637,431.492566666667,0.353970390309556,0.314370657524315
605,589.175313541989,590.504647244177,560.727,0.323014804845222,0.285605613854255
279,266.044533690129,271.799584998102,292.596066666667,0.331090174966353,0.303994591843534
361,374.197629124923,371.866192787471,377.781766666667,0.309555854643338,0.32304397587357
507,496.258085726651,502.530557220588,498.5028,0.259757738896366,0.244357984608431
288,302.767533784889,272.463499033231,300.9432,0.300134589502019,0.304120193964737
551,548.136214893602,534.888081805001,532.588233333333,0.267833109017497,0.262884397118901
620,620.668926656556,623.935489944439,620.979066666667,0.22207267833109,0.211245243165573
392,360.865216069405,368.954202050178,386.101866666667,0.339165545087483,0.285114118346024
319,299.168377532461,307.613125144745,316.331933333333,0.468371467025572,0.457062177890514
653,634.671309270777,656.34981429586,657.415666666667,0.31628532974428,0.302832052081192
499,488.900177622578,472.776572730506,468.9932,0.53028263795424,0.52581879778534
560,543.130766094404,546.692439282908,523.848966666667,0.594885598923284,0.574840326104587
341,334.194122050673,331.586175387082,370.307166666667,0.749663526244953,0.779415133682902
356,330.168131637919,330.148823714006,349.472166666667,0.588156123822342,0.573523993181311
371,349.161356658633,343.824093669324,376.541266666667,0.403768506056528,0.38455092722617
730,717.868827482907,714.380395831566,695.5973,0.546433378196501,0.615751192529923
327,299.037182931501,322.699877513588,323.995866666667,0.520861372812921,0.622278499725332
313,385.897271128264,415.04946297924,380.9903,0.598923283983849,0.598616180921271
552,525.213977276148,530.191433415836,525.847266666667,0.488559892328398,0.47721478032109
355,351.225228237321,350.982481308914,346.803033333333,0.391655450874832,0.386823627950013
491,471.601989562274,465.270566774918,449.934799999999,0.602960969044415,0.597779561130676
505,595.090363829524,607.199400866553,581.839966666667,0.321668909825034,0.326130712570627
438,467.351299935724,433.528899010216,404.787766666667,0.301480484522207,0.31065210001537
507,564.006586234142,616.078827896181,568.729666666667,0.39300134589502,0.393427924285917
457,454.929718851151,450.703856259373,432.410233333333,0.394347240915209,0.418670739409594
741,687.459749901019,710.290708922802,662.156466666666,0.434724091520861,0.443687182347227
322,350.257779158259,338.670198048987,309.5236,0.837146702557201,0.823027285140969
268,247.830964555301,247.0391831548,286.2427,0.711978465679677,0.697412913494128
576,602.012497298938,555.885396021448,565.319366666667,0.58950201884253,0.572726396635268
477,478.018932180263,478.616769036712,471.947066666667,0.639300134589502,0.615464355544292
537,529.013556497676,528.294783896939,508.173066666667,0.745625841184388,0.74097645964771
324,324.507577968609,310.489870823059,325.913533333333,0.826379542395693,0.785393164088533
574,567.832992278392,573.412994051164,567.611466666666,0.771197846567968,0.764119241595207
499,511.177025139794,504.107057449196,504.478033333333,0.492597577388964,0.487286226666951
692,679.487486644689,685.723143542064,663.0121,0.379542395693136,0.402398804431847
602,583.761687092312,601.718950595159,588.450466666666,0.255720053835801,0.275255371851535
350,357.682803513815,369.652705364418,364.616266666667,0.349932705248991,0.365593843382646
536,522.222509459824,515.549226419945,517.186633333333,0.267833109017497,0.285270312665564
345,339.93484614955,340.11649636231,342.9116,0.434724091520861,0.416194795643943
444,433.645029420882,434.580526094455,426.558566666667,0.2907133243607,0.300937686310493
445,437.828764462848,435.900919398082,410.358066666667,0.383580080753701,0.377873169461194
273,261.584850731078,263.136750319373,281.151033333333,0.349932705248991,0.359149647456628
246,254.147957392842,249.793093786084,261.019266666667,0.394347240915209,0.422197340476756
437,429.650696930178,421.63135684592,413.826266666667,0.46164199192463,0.471135929012649
304,258.158595430463,303.392642978336,336.0345,0.376850605652759,0.37485093994415
586,588.746176429351,583.279893421133,573.443633333333,0.413189771197847,0.404055015338834
267,263.044139278146,273.396636313107,263.975166666667,0.329744279946164,0.319359511369934
298,320.411778456604,311.672439586327,315.767166666667,0.378196500672948,0.367395599819465
389,370.75513074976,376.646201094108,383.510566666667,0.66621803499327,0.664117298165315
357,351.411739362462,349.971217813363,346.075066666667,0.545087483176312,0.54332206511101
275,287.28989776119,294.072663928441,283.523966666667,0.60699865410498,0.615863558393268
614,616.310942700595,596.662841883614,543.491566666666,0.621803499327052,0.634000927791257
426,452.094889889001,412.56514885763,378.521,0.702557200538358,0.721073366691992
529,513.550696896811,518.554225289864,519.3076,0.426648721399731,0.418777082563189
515,532.718697848422,538.329144957115,529.8459,0.445491251682369,0.448319882828224
247,261.978143221321,251.597853439993,252.365533333334,0.659488559892328,0.690581787090643
417,408.942817689181,395.656334770261,380.5985,0.617765814266487,0.637202595654905
595,587.492540208938,598.440457907505,574.752533333333,0.716016150740242,0.702479427152028
323,323.735217605532,320.794619288676,328.4482,0.527590847913863,0.51083021377669
408,413.698568416793,403.51151810645,398.896666666667,0.694481830417227,0.690535388127465
521,517.68857816417,515.013369176322,517.8083,0.671601615074024,0.702944024231423
551,532.652460235152,549.737051328838,549.9416,0.671601615074024,0.718280093072585
308,317.224842852478,333.762112459172,324.0535,0.601615074024226,0.61970199141347
575,597.468828463861,626.068405438612,598.8629,0.68371467025572,0.67890488928237
255,274.698013914106,265.063992176276,244.944666666667,0.592193808882907,0.606813074467875
342,354.68153495327,360.633605151972,341.836533333333,0.407806191117093,0.394098200145969
655,653.23258162776,659.735625254481,629.976333333334,0.21399730820996,0.26389180071133
428,431.73397742124,410.898686183325,411.242766666667,0.263795423956931,0.266063098527279
364,353.622844416098,347.793656592804,358.384766666667,0.325706594885599,0.329583469277301
292,296.327989605111,293.34398329619,294.889633333333,0.185733512786003,0.214423009958945
342,345.172550730322,334.014468069253,340.4146,0.253028263795424,0.250109115031307
284,292.75549336684,284.641298062291,273.198666666667,0.320323014804845,0.325958565173885
577,575.437361739531,570.068030285148,569.628166666667,0.203230148048452,0.236368653136776
359,349.14718262591,351.484421248879,360.015433333333,0.250336473755047,0.245277954474726
448,433.5756447436,425.740387909269,385.163866666667,0.212651413189771,0.215345978506534
307,294.292106311671,303.516728792275,310.085533333333,0.2907133243607,0.284815299513866
298,295.206796931675,296.937378856277,295.819766666667,0.325706594885599,0.304628202044637
318,319.548966677527,315.206482451454,313.1723,0.308209959623149,0.278618158246193
508,495.129623686175,504.143485897372,521.6361,0.285329744279946,0.269906951183097
537,525.050697397151,529.891491380588,501.164066666667,0.257065948855989,0.240861188340177
390,408.211328950829,410.688786789129,407.2117,0.220726783310902,0.207804270363599
257,307.183558849554,282.454441338761,313.6416,0.255720053835801,0.255440519681701
376,373.583185476261,368.944372057151,382.9488,0.224764468371467,0.226802656714245
270,273.755139326374,275.127988451275,273.7656,0.294751009421265,0.294987158254304
345,322.264904082422,318.13025794786,322.910866666667,0.22207267833109,0.251485699949821
703,691.947224262611,697.248489996161,696.042266666666,0.693135935397039,0.676624966002943
384,375.639936001309,374.957108482116,369.2113,0.585464333781965,0.588077498304905
650,628.798689032732,638.211813638957,635.834433333333,0.781965006729475,0.778537419431031
705,685.821609210366,691.823223756128,696.245866666666,0.737550471063257,0.747385482811612
732,723.870154151193,720.360201978727,680.949866666667,0.784656796769852,0.787815904806985
365,356.837509164464,354.671737346299,363.850166666667,0.749663526244953,0.750978108670329
572,552.784921176432,569.341254911872,553.9164,0.716016150740242,0.726743296247672
259,268.841749493771,273.024634832796,280.734333333333,0.815612382234186,0.820541987620752
305,302.329426664591,305.373183622145,311.060466666666,0.757738896366083,0.754323099417289
442,444.60870270363,434.230142058679,452.4251,0.847913862718708,0.845807221732744
355,337.100294717813,344.556529942577,337.032966666667,0.608344549125168,0.599204351897353
341,340.161829824481,340.784474995182,344.2976,0.344549125168237,0.342809665781531
280,279.565501818966,272.134161419502,280.450133333333,0.685060565275909,0.687054480408031
735,706.016790009748,714.877669097826,695.0327,0.220726783310902,0.227756608799115
338,342.531433136412,341.343034120027,341.279566666666,0.345895020188425,0.344062161763854
281,288.060325739356,295.246824155031,293.897966666667,0.386271870794078,0.383334736344296
712,695.049331125328,705.289039491308,702.195399999999,0.411843876177658,0.407591278674179
281,295.580067193322,271.637118486087,272.8616,0.464333781965007,0.47834961435363
375,363.575633258773,361.918220860921,372.934933333333,0.925975773889637,0.896148150186328
454,448.20248461129,479.274742626873,477.872266666667,0.764468371467026,0.736081728929771
261,260.224033554974,242.558814269213,253.1344,0.857335127860027,0.852887935186827
707,704.02103249626,680.857425432771,687.598766666667,0.663526244952894,0.645981350418353
220,228.392873749735,228.356779773963,249.5257,0.751009421265141,0.744403453587347
615,623.735823640823,611.950476638915,594.182866666667,0.710632570659489,0.693114802618518
183,179.76235004329,199.707595608369,208.369133333333,0.791386271870794,0.785402367349343
337,371.880003472629,346.72667228308,328.1682,0.586810228802153,0.580059823362009
661,638.698434927742,652.508746706368,658.085966666666,0.340511440107672,0.340308918202733
547,552.315602091205,549.085637109934,543.516366666666,0.297442799461642,0.294340441893749
670,662.770774051533,672.67428104851,658.911866666666,0.343203230148048,0.350789601795082
255,246.458422252753,249.757861258113,257.7353,0.282637954239569,0.286867312071221
331,319.400044016404,319.82017424647,327.789066666667,0.514131897711978,0.497148628111495
611,623.75709650185,609.359216125703,588.793266666667,0.31628532974428,0.310134823604794
344,339.076451318822,348.676410720468,352.722766666667,0.366083445491252,0.359694955563041
323,322.315848378637,321.766246907842,328.903033333333,0.456258411843876,0.460484611655761
369,366.262037273963,363.743277122156,353.4693,0.402422611036339,0.414858143554218
430,416.755505967382,419.185050699692,425.484233333333,0.60699865410498,0.593461510902436
562,568.882298487122,571.552427255198,556.750366666666,0.370121130551817,0.36177179082082
320,302.339201381074,302.864517625507,313.269166666667,0.347240915208614,0.339606133387691
249,228.618913092062,239.57408814972,243.591133333333,0.160161507402423,0.174220919976344
380,383.056181548878,382.088679638446,383.543666666667,0.320323014804845,0.310852372358967
355,358.699334533408,335.676275012142,334.375566666667,0.668909825033647,0.660131311978345
250,240.177571928211,258.26679612314,271.4541,0.60699865410498,0.603637393460012
217,237.4601170185,247.515575166352,253.5881,0.576043068640646,0.58799524417249
348,311.567238359827,319.492210440722,318.837,0.594885598923284,0.638011079652249
282,294.615086628151,307.534192831426,310.546,0.759084791386272,0.782659146901233
254,291.769116241802,291.774290179173,286.477966666667,0.378196500672948,0.373661495109929
384,389.567065180885,367.358002331978,378.137633333333,0.449528936742934,0.45331366415643
314,292.818076899693,293.756082426887,296.161933333333,0.667563930013459,0.698422359930876
482,489.248894421935,480.860001225185,484.203433333333,0.620457604306864,0.641038691906661
527,529.359254912269,522.626594979039,526.156333333333,0.676985195154778,0.654637576010425
374,363.775013480711,363.148222530063,370.114166666667,0.600269179004038,0.585204472353021
343,334.163886519305,326.824679629649,334.517366666667,0.698519515477793,0.697711542719204
263,273.149808705154,258.486792091938,273.058666666667,0.667563930013459,0.689100003736182
498,3662.80739650811,480.225243512981,600.622166666666,0.676985195154778,0.727633276979991
647,651.599430883373,658.344104834167,634.2258,0.63257065948856,0.657882077214031
353,355.864487751941,354.355398204054,349.259733333333,0.690444145356662,0.683704712154167
249,252.330650221261,232.440707432898,238.022166666666,0.598923283983849,0.609917025576268
388,388.886247993844,389.8884123541,384.347566666666,0.388963660834455,0.381256125124101
335,334.309710521184,329.272268623146,328.870933333333,0.270524899057873,0.265327802370827
738,710.309667271794,716.086557293795,707.7273,0.320323014804845,0.327742941687392
332,327.63501295472,337.955514720487,331.341666666666,0.304172274562584,0.295707255976113
386,381.366435726422,376.382681659343,377.303833333333,0.227456258411844,0.235256143175849
476,542.24040198635,558.09862151282,524.0107,0.286675639300135,0.289341890726952
287,266.212684859934,277.625720894568,283.389566666667,0.345895020188425,0.349682012769608
278,264.587883129281,268.756656064142,284.4711,0.329744279946164,0.317698630675765
525,526.683124968592,531.201167308206,511.069766666666,0.317631224764468,0.30837669589351
490,478.549956482638,477.152077684791,475.673566666667,0.2907133243607,0.291215989554402
268,271.218662364601,265.169573717808,270.871633333333,0.283983849259758,0.282970772792148
345,352.225482836685,353.398475714923,340.940133333333,0.313593539703903,0.283401561495946
211,208.471063527855,198.381664034842,236.9298,0.329744279946164,0.289418461961341
369,372.82144581247,367.081673625732,357.399266666667,0.305518169582773,0.288389101659347
262,296.475062474478,322.639268781157,315.316166666667,0.302826379542396,0.313542432830595
414,415.911684261599,396.823991468908,392.217166666667,0.308209959623149,0.305568906478662
283,311.147617843281,304.647207318286,274.6576,0.337819650067295,0.347426589867121
409,386.79454709458,384.674994329007,395.464233333333,0.240915208613728,0.2422732347244
321,325.977031469592,323.432149360538,321.679866666667,0.267833109017497,0.264863601351771
533,523.886129501556,536.365770579257,533.957233333333,0.250336473755047,0.258124559724747
630,613.552637169273,622.906202527633,624.948466666667,0.698519515477793,0.681553885456286
721,702.973578416595,698.732991290293,665.300566666667,0.584118438761777,0.577590669667766
472,474.001342830187,476.679825868016,500.6816,0.790040376850606,0.789191577488287
492,479.532381499754,478.554085097178,472.494733333334,0.753701211305518,0.7653712680014
317,324.139619631766,331.499010744752,330.397366666667,0.804845222072678,0.77671938943589
442,439.862076922805,434.006386298311,415.7499,0.733512786002692,0.72975113538338
635,664.938053305769,663.618791386949,641.778333333333,0.746971736204576,0.766925185708018
722,711.522086263639,705.623552098743,706.1506,0.833109017496635,0.832705823062855
371,365.815448257835,365.582240260021,369.5591,0.756393001345895,0.756428281157669
272,277.381131615788,294.322921923996,300.1353,0.85464333781965,0.84912989529236
285,270.14368293805,279.802723084553,281.014466666667,0.60699865410498,0.593269464755692
250,248.480690743328,239.205028951601,251.2819,0.343203230148048,0.339896357571351
324,333.644789785189,321.078247230173,322.6623,0.698519515477793,0.699295317557101
349,343.054203128556,341.152229049752,339.620866666667,0.251682368775236,0.255098786935984
248,251.838671740714,248.904803187343,263.366333333333,0.336473755047106,0.356825867701151
368,405.040260675395,398.268743965602,361.018333333333,0.383580080753701,0.389600718096738
582,582.585838662004,582.130196337225,573.804166666667,0.390309555854643,0.420954738214348
346,366.393183017986,355.441220335006,373.053666666666,0.468371467025572,0.476277414935406
367,366.644412977963,351.639172496409,365.719566666667,0.927321668909825,0.89530504911206
757,734.276261816149,729.988453640161,718.741433333334,0.792732166890982,0.77078074073611
468,456.347108327706,452.812595808573,442.568233333333,0.866756393001346,0.859140591513297
380,366.037075400366,369.059514980009,343.8883,0.676985195154778,0.666557544479743
274,284.918741416172,256.014755851557,274.021433333333,0.771197846567968,0.765797390034501
376,358.628159570131,355.530504558426,350.9345,0.807537012113055,0.763892560444698
335,342.929675243845,332.785528054453,331.818566666667,0.796769851951548,0.796482303788341
318,330.409544290073,326.588393155145,332.8608,0.593539703903096,0.592237977819074
793,756.969627332161,749.266017886781,703.631166666667,0.340511440107672,0.34682400483868
462,454.877017006199,467.884140184709,469.675166666667,0.296096904441454,0.300999840095385
224,230.337421118181,232.258184884483,246.0966,0.372812920592194,0.372948645523443
288,291.942071322992,283.481371125071,279.027966666667,0.271870794078062,0.299691206409692
630,635.48748115277,615.831428198086,608.200866666667,0.51278600269179,0.50059580003066
188,183.500615752314,189.424503873774,209.8127,0.26514131897712,0.283504520124173
445,448.813900732475,434.619123655372,413.7101,0.360699865410498,0.366344018620208
461,447.346145467835,449.762321414613,430.312433333333,0.457604306864065,0.464267793118265
259,252.497025217656,235.027642551756,261.525333333333,0.46164199192463,0.455655028924253
389,386.998033373709,385.908213176664,388.036966666667,0.539703903095559,0.543931496024993
353,338.848431796507,339.258919008044,339.473833333333,0.378196500672948,0.369359010100493
328,333.3533792219,317.154824743673,310.731666666667,0.32436069986541,0.330343320985875
297,304.966551198522,292.023558042923,284.268,0.321668909825034,0.317442902311363
445,431.014513522582,441.575210876509,438.448466666667,0.343203230148048,0.33979387093021
347,347.587927623141,344.191050634172,340.186333333333,0.641991924629879,0.639921349871412
615,612.978433480398,605.785360224264,584.334566666666,0.597577388963661,0.597983012042539
553,525.542773585453,535.528910348813,506.027433333333,0.551816958277254,0.533632131249275
708,707.644988410272,694.235688288201,673.194433333334,0.663526244952894,0.653688786260412
181,201.309326268128,223.372302476221,236.210833333333,0.729475100942127,0.737548956605349
303,299.351843789642,299.215705258743,313.393333333333,0.360699865410498,0.355068752983597
249,264.579148254131,248.636391159968,264.765733333333,0.427994616419919,0.429982504968659
427,426.316326069578,418.173308858903,399.324633333333,0.63257065948856,0.663361879149824
332,311.463804798063,320.578809321076,314.028266666667,0.600269179004038,0.617155466283953
238,255.789921164796,225.017045260107,252.931766666667,0.627187079407806,0.613959627739509
276,267.441582837684,271.002627065637,291.8779,0.588156123822342,0.566103842343158
359,365.497766856629,366.024684383045,362.507466666667,0.678331090174966,0.675844519589869
417,406.924314643386,405.150533707755,423.003666666667,0.625841184387618,0.655011946117559
556,691.556055036521,684.254569809864,647.112166666666,0.639300134589502,0.673483149791539
379,384.349851486152,381.097396164707,383.377233333333,0.625841184387618,0.668460958811838
392,399.957794757514,409.722395411785,396.9271,0.671601615074024,0.664433803547256
493,532.526325536935,532.276097335647,513.027733333334,0.588156123822342,0.604048059896249
253,254.144542292662,253.747441754515,262.489566666667,0.351278600269179,0.344974533173931
509,500.220017397742,498.50901499737,507.116466666667,0.271870794078062,0.269466834870302
493,488.096019786005,488.029653410564,487.6491,0.32436069986541,0.331013694514594
329,318.39084437528,322.763436181151,330.218266666667,0.343203230148048,0.333793553844484
523,505.453341234535,508.169407502539,506.651666666667,0.216689098250336,0.217122762996064
289,293.765605756099,292.036801287934,307.433,0.275908479138627,0.27989723131371
517,543.163547351079,558.441436016403,539.439066666667,0.327052489905787,0.331975217758926
429,418.600477142807,417.122556950731,423.294966666666,0.35935397039031,0.345013139532638
219,202.533061996231,205.929401088731,241.509766666667,0.327052489905787,0.320637661990155
306,301.798595894095,295.260888411469,295.793766666667,0.275908479138627,0.274456157700383
490,498.157188895684,495.381852675117,502.976266666667,0.262449528936743,0.264488029836442
363,370.143120425345,360.175708338796,361.005333333333,0.332436069986541,0.316251506151922
314,295.234523945852,359.7977479774,379.970133333333,0.351278600269179,0.311135931807766
320,283.163055578537,289.771586196155,303.1867,0.333781965006729,0.311855373255944
349,319.168699645347,323.409247802999,325.2545,0.340511440107672,0.364573689103904
297,246.165985362111,317.067910610663,335.9615,0.335127860026918,0.345504714982199
335,333.432821633606,342.789771603067,335.1856,0.333781965006729,0.340850608867533
519,537.403782411553,554.861065540873,526.5717,0.234185733512786,0.235321483192774
310,328.530944725718,301.547591984364,317.239633333333,0.234185733512786,0.233811913379193
725,698.568198616189,685.772540205918,673.154066666666,0.254374158815612,0.259924051136276
238,252.847102863326,256.754354604535,268.306166666667,0.728129205921938,0.711840059731407
308,314.735476045608,304.643249921454,311.049366666667,0.543741588156124,0.529196746758118
351,339.773304505891,345.582744290231,342.400233333333,0.764468371467026,0.760626490756461
333,327.556779977255,325.931191397153,328.839633333333,0.748317631224764,0.752514778550376
400,395.129549736166,404.045103100516,394.9034,0.841184387617766,0.727582125790964
288,279.361435917747,272.140811496641,259.3075,0.721399730820996,0.707704300164467
290,299.990258531196,299.164593335467,310.962733333333,0.724091520861373,0.733476336288123
518,513.223336488383,517.051872138199,519.810166666667,0.791386271870794,0.784765799333538
306,305.331523399587,313.388093728523,319.348333333333,0.748317631224764,0.737789118742061
306,306.529437137105,313.054368948217,315.9152,0.792732166890982,0.792166548265092
648,643.39852698479,650.638293650202,619.6788,0.623149394347241,0.613058208316855
493,499.83209662688,489.874230968769,492.913066666667,0.433378196500673,0.438249716399693
468,452.523744648426,454.656386993767,442.036866666667,0.717362045760431,0.725610099156618
315,301.121676865579,292.220212796897,300.337666666667,0.277254374158816,0.282629653979166
538,529.386624636334,523.797717082634,532.095966666667,0.345895020188425,0.347341476678623
193,268.842173054842,323.663941782989,333.445133333333,0.409152086137281,0.41200574030515
532,528.872060228364,532.661978016763,529.598866666667,0.481830417227456,0.4769755073928
310,331.975628955606,316.292709199573,335.6093,0.503364737550471,0.489334819890344
640,611.546576562786,592.840031173472,603.715366666667,0.920592193808883,0.874288121856056
706,705.57936322676,712.794562608581,693.6232,0.791386271870794,0.753012552053303
558,560.204105567291,555.870732676796,548.566566666667,0.845222072678331,0.83889080017363
353,355.986255259905,353.582979576427,351.513033333333,0.621803499327052,0.607235797712103
221,225.324482555065,236.830539123403,241.121366666667,0.742934051144011,0.735980215644077
303,298.246021577913,296.716990495272,301.273533333333,0.795423956931359,0.752511289041772
451,442.298675065875,450.714787380713,455.968433333333,0.769851951547779,0.762858834220444
262,268.353584134901,257.466608780333,255.1026,0.566621803499327,0.573704319357392
464,525.118710966299,577.337119616886,514.302966666667,0.366083445491252,0.369613362650058
541,543.163288176352,554.463045159784,531.981933333333,0.294751009421265,0.301545633625534
653,643.42764275822,635.373357459746,615.933266666667,0.362045760430686,0.363828535201167
458,441.672100107818,445.888282290709,441.002266666667,0.285329744279946,0.299856316464532
234,353.348738212342,379.271567867792,325.459233333333,0.51278600269179,0.505098140433519
448,469.328588361761,455.182220072312,454.3821,0.261103633916555,0.273124517092325
358,362.15683257419,369.071983759209,374.403533333333,0.358008075370121,0.356626913489049
419,462.934165565059,466.833792892927,463.591466666666,0.449528936742934,0.453909784784092
314,341.959840192199,309.476230041609,308.8573,0.407806191117093,0.402278192783481
450,446.835263840592,438.035272873663,425.520666666667,0.557200538358008,0.556214581621737
584,587.36086920391,573.135647095618,518.963333333334,0.375504710632571,0.365177408113877
311,296.553505648264,290.64576232936,296.9512,0.352624495289367,0.346205729391741
333,334.838943312431,329.969997274728,331.398833333333,0.327052489905787,0.322933512775933
508,500.75485462789,501.751725109951,504.581733333334,0.289367429340511,0.322411222499889
466,467.691893059237,471.285852210055,467.122933333333,0.586810228802153,0.579620155757165
522,515.495589321728,519.176374863757,520.593633333334,0.453566621803499,0.456746769861763
284,283.708348178838,286.428507456984,282.9392,0.510094212651413,0.512328207679168
360,377.640733270801,356.631956769254,353.087133333333,0.628532974427995,0.629196355025716
619,611.391971209957,615.609860391546,601.377966666666,0.678331090174966,0.685672363032003
314,314.62338322825,313.944341034295,314.092766666667,0.375504710632571,0.37262564113873
241,384.456253639832,406.334320206721,387.363766666667,0.399730820995962,0.399678865904699
254,276.318600626171,289.011737835269,269.194266666667,0.620457604306864,0.645122507302233
328,316.191129403209,321.826534220981,315.614233333333,0.44414535666218,0.427011552415288
532,533.138673626189,537.655179972492,535.3731,0.55585464333782,0.538181716334761
229,239.108017097616,251.080552416668,253.9165,0.551816958277254,0.534279258515628
344,345.005597445682,340.124298684943,343.8189,0.46971736204576,0.454061912924677
255,235.225657250876,258.026858389273,279.7908,0.566621803499327,0.570569228848211
314,318.602031544443,313.125660213095,319.5168,0.601615074024226,0.613991416128886
492,463.8388527508,459.170312228136,457.320066666667,0.598923283983849,0.622264706025546
723,704.720393726757,707.716057695832,690.652033333333,0.672947510094213,0.662004107184881
652,680.650563564009,692.118668258849,670.2849,0.598923283983849,0.61123326518335
569,569.659897380505,563.28682264987,565.0597,0.348586810228802,0.33858183684642
233,200.906864606547,229.801200432386,251.452633333333,0.26514131897712,0.265283898316286
553,560.465427542159,558.393699145273,543.417266666666,0.332436069986541,0.337032020981751
214,157.620452003299,257.215241881771,314.6931,0.333781965006729,0.33004836263513
755,746.324934627209,740.597927493396,707.801566666667,0.220726783310902,0.231458906196675
344,317.640456337624,360.119642791651,366.0492,0.262449528936743,0.264501993705329
424,418.831244552975,408.290428390824,404.7705,0.304172274562584,0.301992157714984
675,667.1287864077,672.594252131228,674.775333333333,0.34185733512786,0.333385879883158
170,162.61480474084,180.12931035242,201.2756,0.317631224764468,0.312825985709472
368,369.054317775444,369.094221411964,365.6116,0.294751009421265,0.296704562834792
504,482.288838933705,493.833665094069,497.724133333333,0.283983849259758,0.287918122887381
238,242.781381333777,216.773162081149,239.149466666667,0.32436069986541,0.306734524237078
503,500.650892888627,494.627592850169,473.071666666666,0.351278600269179,0.308388192225328
639,640.657698428044,647.600601207783,645.602233333334,0.349932705248991,0.337294071297039
349,329.175237642495,333.584096450467,339.283033333333,0.31628532974428,0.329822075138225
383,401.244217872535,401.39986195916,398.936266666666,0.327052489905787,0.3178854966125
436,414.514621421759,415.723573629808,366.078933333333,0.337819650067295,0.344513553877728
278,292.633921647549,259.617267825163,288.895366666667,0.236877523553163,0.234934076015578
393,441.971215079612,439.443675769839,399.447033333333,0.267833109017497,0.269424525829729
700,691.45763165366,700.227935693675,687.895333333333,0.270524899057873,0.266759017913668
422,419.381115139964,415.817349815,398.449633333333,0.686406460296097,0.668166753174143
284,278.676791114816,282.101809585419,297.198266666667,0.539703903095559,0.533416671851179
380,365.502149296554,368.77753817495,363.893833333333,0.759084791386272,0.759005199671654
612,616.190230176943,611.550256082032,591.570966666667,0.73485868102288,0.738236699477954
517,524.636311625444,535.594951333911,530.6149,0.802153432032301,0.77648872145076
725,687.391033290222,706.822237137558,686.088066666666,0.716016150740242,0.710378709971899
263,263.089273501391,265.175762437853,264.779766666667,0.722745625841184,0.726483439919407
331,335.415082109375,337.984463644072,332.077,0.78600269179004,0.784290473015173
332,321.695518695196,334.770812840649,343.653833333333,0.737550471063257,0.733210981758552
373,360.068868803023,364.659223866251,377.243566666667,0.798115746971736,0.806179689151094
368,359.482397646206,358.018698955671,361.840066666667,0.601615074024226,0.597116896916983
643,629.065511240586,643.635779159164,643.226666666667,0.374158815612382,0.38245617965316
350,330.285991074463,325.806108192666,328.6474,0.679676985195155,0.67387989354435
554,537.58507450232,537.08100257209,525.314833333333,0.162853297442799,0.177126340379004
310,310.660298597713,311.918887240522,312.557033333333,0.331090174966353,0.335895272582149
318,328.450078101462,314.014494494776,320.123366666667,0.388963660834455,0.389003925786708
351,353.24580717742,352.861168619972,345.5106,0.442799461641992,0.441230471401888
380,404.369301713763,388.209009735235,374.171633333333,0.476446837146703,0.475040341480073
350,327.870129530202,357.83797200781,363.318533333334,0.842530282637954,0.820558493838551
529,579.175028882617,585.219956663781,580.487733333333,0.795423956931359,0.758239943924816
325,331.251568896792,313.344402533549,327.8291,0.826379542395693,0.831270361080973
389,387.09273078056,371.080290204545,371.367266666667,0.63257065948856,0.613187355219486
355,370.75156794411,360.43930596517,366.6553,0.744279946164199,0.740856642529373
800,769.90760733609,751.567697322389,729.704733333333,0.799461641991925,0.757184211199478
293,295.451650155991,291.576167660464,290.8509,0.780619111709287,0.775534652636212
668,646.443564734631,632.517936918839,620.7821,0.549125168236878,0.541596126524045
435,434.798238318195,434.512605835609,407.533933333333,0.34185733512786,0.368904217830697
610,609.065204346689,609.940943199765,602.112266666667,0.304172274562584,0.307599521578216
387,369.068146843401,365.618486831917,376.0109,0.440107671601615,0.425917479781081
366,369.003838068903,376.308941043705,372.007366666667,0.269179004037685,0.279546413399219
496,518.317457805141,529.872770533432,524.4018,0.514131897711978,0.509416747717715
550,550.721126377795,552.473069010461,535.933733333333,0.266487213997308,0.275617197426749
680,667.169980970415,675.335170188802,630.4884,0.370121130551817,0.364374461263397
123,81.9069671896825,141.910613858909,185.966233333333,0.452220726783311,0.454802836241605
594,569.067593388399,576.764758825949,512.753266666667,0.429340511440108,0.421223744422756
630,621.899906785241,625.97165296863,626.9109,0.566621803499327,0.562536828176842
376,365.593422328937,369.861445761855,374.2366,0.375504710632571,0.370493164698766
335,333.367760443848,333.440601057911,328.968766666667,0.344549125168237,0.334424297708535
495,563.082395933061,563.215515365141,530.9187,0.327052489905787,0.320135085742669
359,352.454904066241,356.546064325969,357.295833333333,0.370121130551817,0.359469846446966
736,728.713314614682,710.406771142599,689.359133333333,0.627187079407806,0.619449202983507
710,699.032885731401,717.734405000117,702.5475,0.559892328398385,0.556169139764958
704,693.539421190949,690.903879764727,691.930866666667,0.551816958277254,0.543098794694748
575,560.072111505074,572.217029539343,532.927,0.637954239569314,0.620185030046395
430,415.100779938332,421.333575284954,421.435066666667,0.691790040376851,0.699194335532699
368,366.048356352542,393.681272539542,367.542733333333,0.401076716016151,0.388259289474188
561,543.778112616881,548.30736335741,510.515866666667,0.421265141318977,0.418553970158039
545,545.649705525072,548.155603803639,551.827833333333,0.639300134589502,0.665892836249171
266,256.688358730737,250.068061043648,271.569733333333,0.557200538358008,0.56922803982755
614,614.191814549585,590.00775112364,602.525666666667,0.601615074024226,0.590338118901162
411,378.087854847266,385.304153483957,382.291333333333,0.56393001345895,0.549183747245413
509,512.175243732652,510.891295289828,515.919633333334,0.663526244952894,0.658888738416758
355,352.480737318285,347.011775668644,345.4561,0.616419919246299,0.639091697974651
285,303.647157954815,299.565962201648,307.015,0.639300134589502,0.671833691198884
377,377.313562140889,373.443272287997,373.548033333333,0.625841184387618,0.65362073344268
487,474.279972762463,484.643097089568,469.994366666666,0.68371467025572,0.669887341145533
399,404.958495812642,408.024998267546,389.324333333334,0.617765814266487,0.631545391383368
272,279.720249066523,281.784202319034,267.794033333333,0.374158815612382,0.351812309383607
546,551.497703008913,563.520336633321,549.3806,0.279946164199192,0.276482206614306
621,599.802215017297,603.713450874728,605.149333333333,0.349932705248991,0.354671246119191
299,330.530394819176,331.594184680109,330.9984,0.345895020188425,0.340280047463796
338,349.806968497335,338.632745904567,344.1659,0.230148048452221,0.234978404384739
502,497.370492661403,497.666628395785,487.921433333333,0.301480484522207,0.301675058770951
343,326.03302756841,325.191563140397,336.7977,0.345895020188425,0.34402145107575
474,453.960044029118,454.872266942037,457.0673,0.356662180349933,0.343344133807432
330,335.467209690799,340.234114747888,336.5618,0.325706594885599,0.323813310440763
496,568.02622554904,654.753109940485,521.609966666667,0.301480484522207,0.300408439006277
209,219.550832221667,232.164096662969,244.477166666667,0.304172274562584,0.300192365926672
552,542.038662055849,552.733289805365,528.6939,0.362045760430686,0.338832135052193
694,691.970570779013,680.544208362699,692.436833333334,0.368775235531629,0.321865113961976
672,658.303763237489,654.280267041018,646.817333333333,0.352624495289367,0.335446144874875
265,283.990628816133,294.128433445729,296.845766666666,0.325706594885599,0.342469179987654
384,410.993898687126,411.432009576998,401.896866666667,0.344549125168237,0.346751098307465
322,315.70481874268,306.077929670006,318.999933333333,0.340511440107672,0.346890254486635
771,744.258552034298,728.956026862384,730.224966666666,0.255720053835801,0.252712041354431
355,360.796458244755,357.675844535968,354.6196,0.278600269179004,0.281248015354979
359,350.085811727541,353.485096269469,357.3921,0.314939434724092,0.280854393323803
424,462.80358473591,472.678769709701,465.0473,0.698519515477793,0.6820292168926
241,234.925540983822,237.761598760165,252.694333333333,0.573351278600269,0.570210926747328
766,743.054862825004,762.048950598969,729.377033333333,0.772543741588156,0.78242099252128
277,262.401178695085,285.211128201652,275.183866666666,0.75235531628533,0.758256279130499
350,356.562122587853,359.372054004678,347.3665,0.835800807537012,0.739333300858736
396,389.296564359512,396.848613600256,388.376466666667,0.729475100942127,0.724040626471234
446,436.634617556654,437.146764880189,415.1587,0.732166890982503,0.736834511020459
328,356.857815956099,363.867679267075,354.202866666667,0.816958277254374,0.813203401671472
373,389.164353485364,387.772745197911,383.3652,0.759084791386272,0.742242738539284
338,341.510463845158,339.825057978589,348.0129,0.806191117092867,0.808248608749651
786,760.979514036011,764.63610763089,722.8051,0.620457604306864,0.613412951019333
353,354.262065382334,353.107822878564,354.7289,0.407806191117093,0.417491721919636
312,294.440532688405,299.434740571784,306.0951,0.697173620457604,0.699467339983221
261,255.422166977369,276.228287770315,282.284733333333,0.269179004037685,0.272233129255905
272,274.037407035463,287.691256178442,280.795366666667,0.34185733512786,0.342519386252698
486,486.937979147624,498.063939951099,498.0808,0.403768506056528,0.398567353764618
468,463.529499395843,469.687512377334,442.673866666667,0.464333781965007,0.452145751948478
390,391.856232724792,386.746764397806,384.991466666667,0.489905787348587,0.481467204240588
503,502.594707873317,499.204273024886,486.048233333333,0.908479138627187,0.876223522888629
309,311.268264471642,322.627183177524,319.8021,0.799461641991925,0.75716098072192
505,486.265534468649,475.781430674838,436.376866666667,0.846567967698519,0.848873537274492
299,298.107955651894,283.352424749806,301.533833333333,0.654104979811575,0.636637245283862
420,403.809178443113,398.173955990261,400.929166666667,0.75235531628533,0.75279205243327
356,338.421553464813,338.856562446707,343.078266666667,0.808882907133244,0.756171910358245
321,337.305934968059,315.784788570835,314.827666666667,0.790040376850606,0.794632903394958
372,401.275989594129,380.351423011916,359.125,0.578734858681023,0.567325081271201
293,352.945890746996,354.37479590958,380.467733333333,0.370121130551817,0.374801283815018
479,463.693783748342,467.499238443344,459.511233333333,0.308209959623149,0.309099687214136
372,370.80661706427,362.459479352161,367.444833333333,0.442799461641992,0.430095108640045
323,287.880902201171,343.251804795892,337.019,0.286675639300135,0.293644334309731
368,363.604062284247,360.516970535885,358.577966666667,0.532974427994616,0.52197338184469
664,650.012991870341,667.028483683833,663.725833333333,0.269179004037685,0.275928735437585
379,365.713675433284,374.120705944265,362.1928,0.372812920592194,0.369420233620137
522,519.966427692328,533.882880051947,501.102,0.36742934051144,0.377979648219063
449,429.362409546278,427.060771995969,414.337733333334,0.371467025572005,0.374508982608154
464,467.633485268836,490.404584413321,509.294433333333,0.573351278600269,0.565243489454202
307,302.011389526464,303.084257538292,297.657066666667,0.379542395693136,0.368974544107148
637,647.048674492832,652.7201937962,637.9351,0.328398384925976,0.321508421850541
451,486.357514387663,481.452165776509,481.238033333333,0.329744279946164,0.322492924587202
583,575.446428410357,580.904582732306,559.9553,0.375504710632571,0.370444886712154
317,306.984829588734,302.049582624763,297.4942,0.627187079407806,0.621664670114745
579,578.787011382758,582.895766652907,569.138033333334,0.559892328398385,0.55710366334493
338,335.986940230299,332.326943739658,341.173733333333,0.551816958277254,0.540831410888916
510,490.363122071734,505.274571709193,508.322233333333,0.637954239569314,0.617914739980323
756,731.467792181578,737.19360298409,684.238233333333,0.691790040376851,0.696985488887259
450,436.507585595002,422.36847733858,402.0275,0.401076716016151,0.387906910519523
555,536.617128281403,523.420198404524,510.9841,0.421265141318977,0.418579129297667
380,390.305395988554,386.690435555871,389.7265,0.639300134589502,0.664454548767562
399,426.71492320597,438.095463190508,438.897833333333,0.557200538358008,0.568475109696341
250,260.895693573448,243.740749480116,258.1271,0.601615074024226,0.595266842895739
656,644.147998999807,657.311750943284,662.960933333333,0.56393001345895,0.535675703509996
295,297.541081706589,297.756313917776,289.622633333333,0.663526244952894,0.655154836984421
386,381.957389393208,374.650688168543,384.920466666667,0.616419919246299,0.641519811740504
734,708.612668276931,714.420856080566,692.354766666667,0.639300134589502,0.671208474473009
346,336.614480558144,334.406769680765,341.959433333333,0.625841184387618,0.653574758713271
352,346.451066337393,339.066828082256,336.319133333333,0.68371467025572,0.676102093345789
513,493.98939948639,496.103073092649,492.564566666667,0.617765814266487,0.630931186013267
267,276.519023354793,265.176688405808,279.584566666667,0.374158815612382,0.357365315105848
433,428.069861476512,423.452292184201,432.4345,0.279946164199192,0.275549852110353
499,503.316536607611,498.94067136405,501.300633333333,0.349932705248991,0.353554436435941
327,312.691050111118,313.559992604231,315.9931,0.345895020188425,0.339842602261544
271,288.701476264201,263.504991422559,247.2302,0.230148048452221,0.235104246331381
312,312.846251471036,305.903680864968,306.686166666667,0.301480484522207,0.302309462477007
347,335.36127130687,337.342676137165,335.886233333333,0.345895020188425,0.344030728005807
487,500.488296533643,508.917532949439,497.927266666667,0.356662180349933,0.343281853386272
407,405.553511248933,382.912704537472,372.059133333333,0.325706594885599,0.323602427346659
415,414.307124362574,410.259663689839,405.809033333334,0.301480484522207,0.30030671430391
795,768.401694945071,745.459799570654,731.1964,0.304172274562584,0.300116343873106
311,313.020477716477,316.733170969894,311.340866666667,0.362045760430686,0.33813541851023
306,297.3141306509,299.000027842132,299.643933333333,0.368775235531629,0.321310566748169
613,612.19990649286,627.336730991277,621.5229,0.352624495289367,0.335962841945006
308,327.222021784751,328.955675986708,332.041233333333,0.325706594885599,0.342039254201929
411,513.456890990341,561.822958078022,536.721866666666,0.344549125168237,0.347097692218107
330,342.966703084768,315.133195962629,307.590466666667,0.340511440107672,0.347005119320628
604,612.342189347118,606.109562125892,590.749766666667,0.255720053835801,0.253306109890795
679,661.784928825363,668.285399091445,660.9069,0.278600269179004,0.28184552931267
528,514.686712323808,519.161957412106,502.495666666666,0.314939434724092,0.280896976771373
492,482.709241195388,485.488513059723,504.404633333333,0.698519515477793,0.682245668152119
434,436.46504471705,436.611492918804,423.9993,0.573351278600269,0.568080028719051
581,600.881393164768,567.232735449835,567.615666666667,0.772543741588156,0.769122784611337
367,355.611563112324,344.814697124894,355.586866666667,0.75235531628533,0.759619674517901
393,413.333756841855,420.72150056267,438.844933333334,0.835800807537012,0.738797573487937
718,731.18169440864,744.255474345359,675.7954,0.729475100942127,0.724508286449669
328,323.384003559909,326.599586872839,334.3915,0.732166890982503,0.740172018880703
356,355.884507938801,355.378916128803,355.0463,0.816958277254374,0.814959288657278
221,213.511612878395,217.632617452083,250.178833333333,0.759084791386272,0.761203824995742
368,349.191327987956,357.402727016059,363.386066666667,0.806191117092867,0.813601792405077
365,355.940341719023,354.069816342394,349.433466666667,0.620457604306864,0.613051241495131
354,349.9366710813,351.376372366452,343.3612,0.407806191117093,0.418097686644133
331,323.988406358145,321.252195982991,325.9106,0.697173620457604,0.700408266030254
485,493.328744656553,502.923621487163,504.955133333333,0.269179004037685,0.271993121015845
232,235.959829914356,246.611444278641,277.600133333333,0.34185733512786,0.342072450823558
214,285.960259138113,321.483390169296,309.0097,0.403768506056528,0.398538544666474
269,282.485269787868,285.046440699741,295.8426,0.464333781965007,0.448546596553688
539,521.854526747945,521.847814789145,529.3094,0.489905787348587,0.476243405004461
370,371.289309024582,356.811814299213,368.180233333333,0.908479138627187,0.869913533266242
324,290.773950585891,306.640415179565,306.130833333333,0.799461641991925,0.767546962688406
547,547.211843662464,556.170718223383,536.402266666667,0.846567967698519,0.849124280194707
658,683.228338702232,683.586663560132,684.417833333333,0.654104979811575,0.637697148285279
460,544.88574668186,544.584558564708,542.649299999999,0.75235531628533,0.747779313048577
717,704.530187233507,714.393128377576,710.0302,0.808882907133244,0.764171866660396
532,543.722455930717,544.57938694321,521.004066666666,0.790040376850606,0.789988721812401
327,337.006327264948,323.542773467404,302.692466666666,0.578734858681023,0.562553420997678
291,276.48567186337,270.464850062329,278.0583,0.370121130551817,0.373143666188914
573,554.118310039634,548.989939194933,531.109266666667,0.308209959623149,0.314475650087281
591,630.289108840999,654.591846809306,639.9012,0.442799461641992,0.432581841171694
381,379.891859919171,396.255725137119,392.790966666667,0.286675639300135,0.295850918038584
666,662.693246461066,658.282560594811,648.2471,0.532974427994616,0.513456572948796
309,302.637251937186,314.117244433676,324.2517,0.269179004037685,0.275176936381146
388,385.424408831366,375.404937972961,383.611833333333,0.372812920592194,0.366059949881983
299,299.081488336008,290.544833585953,307.6751,0.36742934051144,0.377604804052694
448,441.083200288645,437.614967405636,413.185133333333,0.371467025572005,0.374755806590653
283,271.06588015573,281.931396734837,271.152733333333,0.573351278600269,0.566538290414051
371,380.821247280252,377.231998783119,374.701866666667,0.379542395693136,0.369617276892923
456,481.801092852751,476.22397451928,466.6443,0.328398384925976,0.322397058251143
345,344.539338316416,370.435096616221,363.113733333333,0.329744279946164,0.32353091482802
504,506.793177136715,517.905540043621,512.7935,0.375504710632571,0.369232925527296
