"output_yield","year","reginal_zone","province_code","planted_area","harvested_area","production_ton","yield_ha_area","sale_price","fertilizer_use","cost","Temp","RainDay","Rainfall"
442.0532,2561,12,10,323562.192317411,191899.116777973,248080.1459179,444.719556675179,7692.1835139884,22.7937927552936,3631.4404458495,10.2072451223768,12.4199063139447,7.32973489079586
381.481333333334,2561,12,20,149311.223818439,220433.467580313,143647.9357603,361.697432981529,8795.30050792618,26.1500993991118,1939.38172980094,8.12154887264502,14.2569652920063,7.30861583321773
451.956333333333,2561,12,30,50888.1441083462,16725.5115398117,14743.8046282046,480.080591163893,8953.14287239654,16.2962448861098,1423.86464902707,14.5324647705225,9.51619018940887,5.63649264545641
410.849933333333,2561,13,40,27950.89527317,22220.1758835693,8094.78211989141,402.86011132527,5761.66048169714,24.3574080694585,2165.61498445364,6.56000441505378,6.35478857682946,8.57551345020475
527.7856,2561,13,50,147551.45649887,147162.106123366,108877.76047697,572.792298364447,4905.79125694117,13.0853192199016,4094.29143603853,11.355702623149,5.78617125123412,2.10758655829865
400.539966666667,2561,13,60,99597.6257800264,94199.616209384,45086.353942871,437.351069113832,4609.99004282538,2.62304773756472,3358.39494467702,21.0380610844822,14.2701110774534,2.34988318968768
427.5974,2561,9,70,219819.587059857,201508.444537278,67589.7888888415,449.892501953998,2739.18982163394,19.1699484068977,1863.17938727813,11.7242381219978,10.1382122510989,2.51508848730638
516.2541,2561,9,80,1280129.22821162,1023354.58189849,545748.79309057,504.73643100125,9562.01321823371,44.6411618397268,3689.13061060346,4.18792364923333,8.02217790183393,4.75563798204007
462.492933333333,2561,9,90,919785.423703356,679894.002318059,412830.032447948,487.808112825192,10046.5902941298,31.392317402047,2362.63610008806,14.2075452203686,8.90018992762347,11.0575714342352
594.0011,2561,11,100,-3975.40813614955,-10965.0566389549,13642.689846448,661.410349330356,5315.28488670666,19.08892936197,3472.72954855184,11.4571772114077,-0.954042238776712,-0.833599094421696
505.757733333333,2561,11,120,432794.678093142,396796.351398593,148707.256072572,549.927315770308,8319.06442078774,21.8767100197081,1285.73039416304,9.9446483139545,-5.5984141414821,1.10104318001523
527.778333333333,2561,10,130,1262875.84139133,1048411.28039317,162418.838636656,566.895491094919,7276.2506000401,27.1633760684668,3194.77503804298,18.5881788640204,6.17425779485823,3.14705291645844
513.5189,2561,10,140,1609021.25160094,1327158.09838461,1094949.86148594,584.056789163125,8183.43384093503,23.0745955834516,111.731491949397,5.85095280704341,2.98921155570236,9.0329243074961
555.512933333333,2561,8,150,2348275.08863252,2077332.29019946,1520740.2092438,616.994874778309,5770.87119820979,33.4333467201307,2047.57864883754,18.6190365366778,15.1002201381623,1.28035584378272
432.744766666667,2561,8,160,547744.940583069,531019.231479284,431815.493048323,450.365936097206,2406.00724363999,35.877580416645,3317.09452657272,4.40072358483043,-0.536822972979852,2.43383811964308
484.931766666667,2561,8,170,1023309.2362603,795119.294872253,566739.791182181,526.419840137699,4556.24799833626,18.7608154176256,-335.260055845356,20.3304839360963,11.3891560262562,9.34902867602274
338.855366666667,2561,1,180,25891.1582206752,13447.0013834133,4114.95189758896,362.914387905813,7951.15003217437,4.89874771061263,1060.23507424096,4.35846196904417,6.84742074499671,-1.45029015986681
334.2364,2561,1,200,444830.504825717,321831.092410846,128984.147183759,352.376768608961,6784.59407056038,18.3086068616998,3941.35483259018,9.7198490490814,12.8754124914863,4.31758457956714
281.766333333333,2561,1,210,75129.0302240027,132132.747744091,21190.8877923208,257.470109627918,7205.57761889915,20.0985030553425,1621.70047576692,20.3207883985741,16.6102110939505,5.11071844778945
328.152333333333,2561,2,220,499765.465051803,307310.159677984,139379.316962025,341.239856000087,7060.57896586262,15.5667596686806,3815.93814521284,13.6587210769593,8.13207882148626,0.320219223978754
329.685066666667,2561,2,230,180035.519368941,523337.997739511,99018.3629091106,359.766437506132,7893.04317904065,11.7915725537397,1633.191588912,1.20442125079977,15.9079033077494,8.74545069530176
341.5366,2561,2,240,81105.0521523971,104276.389073761,16120.3245882062,368.864720821152,5228.77102007984,18.1722228578116,877.687930324361,12.9282177382225,6.07710732345446,7.30005854805614
294.7886,2561,3,250,529541.878115908,495186.724416132,93100.0958925967,300.48923042405,7237.9881722749,16.4695918307501,1965.78044946708,17.6976819865313,8.62319910939215,3.93476532350238
285.34,2561,3,270,2713569.27297548,1048793.68393236,370564.899569372,298.102055081579,8521.58349681559,19.3861483348257,1472.41772441225,2.69116812506599,11.8785221406758,1.50317271239821
329.260266666667,2561,5,280,1971424.46928477,2169710.95956691,813961.537994365,354.189646466959,7027.20722772586,31.3153382754411,1467.70859667201,16.161381855753,10.6936826448613,5.59437044650768
351.495233333333,2561,5,290,2425261.41656643,2541138.90873039,1072611.19071867,370.566309279556,4886.72197155788,25.1682522208045,3215.02365154065,21.6890363734734,2.1885753310706,12.554693355515
255.916066666667,2561,5,300,2728173.86319537,2353468.06581897,401939.027145687,211.883785519268,4592.14348118805,28.801779177934,1564.57973492394,21.3210487691408,1.8268401939518,3.25595704730404
290.290366666667,2561,4,310,764690.542662529,223602.693075725,345566.902103692,274.787068788963,8442.90551928977,18.5955560704079,2752.16215046122,13.0276520777963,10.3453983237221,6.7259334720457
313.301666666667,2561,4,320,1275301.17092154,1778477.93159853,539445.41457904,324.96618193682,7746.69192807517,27.6428647211621,3220.66058104792,4.3686107882637,16.022024205956,-0.740063738286469
366.9819,2561,4,330,375318.563193512,300185.755990624,94662.1857905277,391.609827775208,7419.11406014516,20.3401626118035,2525.56245929185,7.0911692232656,11.9683519985036,2.90915020272626
294.910666666666,2561,4,340,437019.292302689,449008.366549388,218731.869923286,290.224892283384,6500.78128182013,19.2064224192167,2056.06814994681,-1.35091004911928,12.0982013644208,5.42481075677909
328.573733333333,2561,6,350,582876.798502087,501414.861748797,169847.184820323,364.517806799285,4989.82837355588,12.8633138927106,3313.86451010102,5.62510637333238,12.6504026154065,6.13477180224062
303.237,2561,6,360,2848578.76635112,2165256.01399359,639798.765868631,254.21184961471,5769.43163026036,21.2316866296835,5087.35355758419,4.17581201363677,-1.64523649066355,3.40770381224316
473.842633333333,2561,7,370,438350.24851407,399738.124817849,195848.392249017,489.16815539391,8507.8980087251,38.2478649137178,3773.11190085711,23.6694288537252,16.8790941845324,2.4752621203515
538.653966666667,2561,7,380,893581.183953328,716812.544019821,348775.536107962,566.869126667992,3054.91719544419,37.006603120446,5561.76741065852,19.4863820266561,14.3541920923408,6.12455024424724
647.196166666667,2561,14,390,379919.743364058,333244.101396339,181591.27841177,745.026211813202,4684.50948204408,47.6431896374709,120.195202783777,10.4577985980333,1.86425624115402,1.77531746974683
573.339666666666,2561,14,400,902208.809065162,832702.750331124,503640.248791699,595.65027770643,7265.91853787678,40.8074336994278,2339.57405544301,6.61723541130068,2.44616034488295,2.95131373838238
524.468266666667,2561,14,410,1128092.71881346,992918.09738664,791318.436235062,558.283665841823,5207.52562035961,34.9309550303262,-112.686960794589,5.78991301724768,2.75399434452623,5.54102537383706
659.051533333334,2561,14,420,355100.99105979,331608.880897567,265773.966984362,679.728157396654,6938.69490675788,44.1337041455401,3714.86318828018,30.2836096172144,8.95576163455264,1.93939627467517
690.5558,2561,15,430,798033.98238053,873987.477100905,380370.086322121,765.405452007622,4585.14647951377,56.4465383410576,4287.65157951666,19.6847527526261,15.0846869492002,3.5575580151573
754.482966666666,2561,15,440,131929.595290966,119674.651929847,87457.3916056622,804.875502063091,7028.02103601801,56.6926885878092,4474.19030268094,22.3916665851349,18.3196508873803,8.14831514923765
642.877533333333,2561,15,450,99546.7638422908,121408.848809185,63568.4412321812,645.830496424072,5367.18664117607,46.7106542428245,2401.13268024821,19.5596946159745,11.7271535629252,7.01465093877404
664.527800000001,2561,15,460,287513.826176074,293883.222306457,199543.860588002,686.051902580488,4484.49889697036,51.7192838093247,2209.33604898958,3.6679786179358,-6.64195521384207,3.23264006987152
454.527466666667,2561,18,470,446570.896412546,434990.267829678,237214.335707129,436.857988920323,5342.79478459895,50.559265309251,2802.40617467831,0.198263616110562,6.98974080468864,4.73605274701887
307.978333333333,2561,18,480,321039.914749391,679494.713755614,347185.441327779,264.344123768247,10892.5556565853,35.2127769483755,656.543955520397,10.3911568881135,13.4653267752655,2.36700192498053
530.561133333333,2561,18,490,855143.980943523,865127.430227383,451559.367035204,531.451038754092,7419.39433544225,46.7187553685774,411.125218816552,26.1559114419543,0.822672247729777,6.45589623225323
338.054733333333,2561,20,510,87637.9152083805,77082.7111140603,13687.2324686578,359.046728093595,9201.16889883071,19.6987334032277,3093.0856211781,16.0425268073284,6.42086386276882,7.51278234935169
346.531166666667,2561,20,520,78982.6287970176,60246.3947944195,17505.0805449126,361.30846472172,2706.92546199335,31.9185651394137,3756.60869528282,27.4532655160454,-2.2412917423755,5.56765622503412
382.854,2561,19,530,70081.2185068377,47842.5884411043,17039.7038072942,425.496226019506,6060.44119971884,31.4915432860545,1099.9230441605,7.29992090700783,2.40011035620818,4.19029840389569
353.1318,2561,19,540,16745.6426799969,134564.025313976,38412.5505508413,359.373724615206,5273.00228984246,5.33277335929996,6276.76181557527,17.1979456515294,16.1649583519196,3.41608619774821
678.562666666667,2561,19,550,36055.1008692504,82136.302798023,23578.8310893539,723.26860582768,3526.48984828695,36.7144991966795,2527.51404774323,13.2108769608865,5.69821431716959,1.74543610787208
433.478133333334,2561,17,560,19472.3592055515,19396.6917269776,25944.3562680929,343.299641506911,6537.65070149219,44.013294408855,4922.79204600082,8.04467095815724,10.9489994745999,8.02537189517295
675.5481,2561,17,570,402185.326090289,364863.255685264,222674.914139733,730.905532136854,5600.06463607028,46.2801933630875,170.732912540888,0.481007270683607,17.4742132325883,7.71639469120159
485.806966666667,2561,16,580,373576.437463902,283650.800995769,132422.196847596,507.620562955274,6555.95490894676,27.4105644766735,3501.77016986396,14.9760284222737,6.1735204569956,2.29236931948817
349.1604,2561,16,590,438244.178476641,372744.135659178,141133.554028744,288.004575566722,4975.87195699704,38.9022516159967,2349.62208219481,15.7608696540415,15.9369430109116,7.16033662357113
536.8502,2561,17,600,3984.33900862843,2432.45208264932,2252.37612791073,537.600233071271,3061.58407430807,44.5777224629136,65.8275283515809,16.5397632063851,9.08588488338094,2.92365815918179
548.4446,2561,16,610,353460.417553044,317113.01237583,163708.404637477,583.945968481189,4673.60185216839,42.0950857039214,1501.8166208684,13.918655131967,4.3764012514485,3.13979546744845
297.349566666667,2561,16,620,61613.829048294,50823.4817064759,21099.9678463351,288.149577504777,4987.31515841017,26.3469985736663,1754.84464345902,21.0392187957649,14.2558619227882,1.23495456891314
285.2341,2561,21,630,73605.580796261,50558.775127635,16257.4907991483,284.176479626808,4950.42133705129,23.578593125521,932.635750423295,3.35413929957094,14.3700651790227,7.36949168685823
300.772933333333,2561,21,640,7959.9568644461,10614.047085641,-985.101077463555,300.29503499013,5966.59517265719,3.13362337821967,2868.25108096238,20.5694788366188,6.5708474378402,7.11666450102414
349.1004,2561,21,650,96595.0746855163,231832.303592377,65659.2867833132,356.488296163035,7886.58807445463,20.3088813272377,2204.12973218329,13.3715486636944,18.5394834754586,3.64159258336872
284.562466666667,2561,23,660,7821.23709921935,38657.6238701991,6004.71796548243,271.428456060016,9356.17536341459,24.2901253436015,1292.01245097951,21.8227477768401,4.19879199384594,4.18660742587342
470.371333333333,2561,23,670,285.679247503072,1133.67969332501,599.961101751296,500.155933827707,3636.0405303065,18.5520431035828,1376.43326756901,14.3785793749026,8.63204415988658,-0.695536159764464
318.428433333333,2561,23,680,80869.9773154237,55220.3654549935,-901.301257734325,326.614605008444,5882.67448800641,29.3090767154108,1372.79009200222,13.321234817605,12.1108561780935,9.04333753989251
351.4709,2561,23,690,99353.8499145307,55318.0909891475,20322.2487171558,366.084188711948,1581.67174080221,27.492004972353,3765.10464423904,18.2429214639742,10.4410892294291,7.59536700212999
342.277566666667,2561,22,700,471629.623872853,1058262.44539357,170501.714254129,367.598889495064,3876.54072574881,19.4557818358547,3436.55458258488,10.1809716640067,17.7625629684923,9.58867875638044
379.730133333333,2561,22,710,289577.201502269,421606.576146486,66742.9369566877,383.08357900979,8848.14458230529,28.7272847871857,3305.11049815646,8.71486164590975,9.03655973547893,5.39651630571859
345.104633333333,2561,22,720,287686.926677201,315389.746538767,120918.963690878,357.519953292733,6416.36934922464,14.889938106521,3713.68404876523,23.6265242791026,15.8708510782944,7.00094463227252
382.911666666666,2561,22,730,247462.859163283,148562.989258277,36159.3455549137,391.873974951704,6795.49232283137,29.9294720106234,3564.52655941861,5.83727288902881,9.70326148085467,2.61195332313861
370.582233333333,2561,24,740,140863.314774223,161651.36942804,74399.2513293362,383.433004640947,8644.6151396945,26.0585293249144,2239.54550842411,33.4789342988611,5.22079967741842,6.44508846279997
293.6158,2561,24,750,65705.2382179696,71140.2303100954,20268.297282062,274.28198289656,4008.5738329265,23.1123701952254,2686.87452146888,28.7181142603807,7.8089355584938,3.15210800208853
317.1178,2561,24,760,104083.651990311,138980.241605378,41786.8613846385,328.224841085285,6421.90544943236,20.460824311195,835.870414588162,3.87956290505897,7.95018210336766,5.83429349961951
341.768,2561,11,110,-359.413001404111,24.2888877227688,190.907186962074,330.397116629378,6858.67245999856,18.7434281913581,2766.11860931408,10.0364406984733,9.39810628614289,2.44227731706093
283.7875,2561,1,190,176379.114587747,180145.26463317,24395.6058528103,276.916263118212,7266.40348960961,17.7732271391055,1671.61831524367,12.1310836274261,17.7897625430945,9.31719304185596
293.3136,2561,3,260,563820.87272291,509800.059476673,160352.198654222,294.97246041566,8758.22212564961,16.496497913718,2714.49473301612,16.2498169533141,16.3053072968403,1.4315467443559
305.6722,2561,20,500,762371.424239593,752410.350376633,190870.078987037,320.589332786084,6489.82327418406,21.1305725094184,4624.9611627369,17.0543171172279,11.3243705025302,6.75320560104566
285.1406,2561,1,211,100166.939522959,78885.3987803768,25844.6405491573,299.070540511876,7660.39094863496,15.1538149751288,3681.79265653624,19.3121158032206,5.27193158351138,1.84666400181753
423.953333333333,2562,12,10,158741.890336604,261849.387473886,111202.271687794,434.481069250474,5149.68757420264,12.893914083037,2522.92357046938,17.4910013555191,10.6967219446436,-0.899481926111902
534.868866666667,2562,12,20,278673.819273066,168919.440560099,160616.134794195,579.040875175663,4278.72447750126,16.5241391510713,2735.02098383644,19.0318194524559,9.79086007508476,3.45049650402646
460.555766666667,2562,12,30,37765.7452486867,46217.1808419297,50517.0248338609,482.062308341399,5523.75373236224,18.9651285355011,2561.39261316412,17.657450738449,7.92941906044045,3.70601516655512
465.941033333333,2562,13,40,24176.4769542811,15245.0326365057,4023.84231509859,496.745853245675,3183.27512313556,20.4356176680994,919.975434397689,26.7155311502301,24.8058456734426,2.01840820428878
516.747566666667,2562,13,50,184966.495999661,159457.914522109,79127.0884942182,532.74608490433,7470.43601164611,19.2756520463556,3252.63481731841,10.8195596697544,2.2248803404671,13.8114540443468
427.091066666667,2562,13,60,109149.142993489,95101.5372911252,39156.5704530272,476.856694172738,7104.53419275146,3.57175738882393,1114.67108979726,11.3996223244719,5.02024213767339,2.3293966375284
431.853366666667,2562,9,70,231192.425189865,182916.989378206,84763.4292839504,440.815274228163,7852.24557305527,26.7141582809055,2999.38078371981,2.0224885472146,3.80688112158652,5.60619733010761
427.645766666667,2562,9,80,1086630.10080648,1128363.33271851,608629.031541746,440.450277581032,7953.87942392406,26.5054318786698,2033.49279644693,6.04054616825453,4.35653153209895,6.01484237691211
480.713366666667,2562,9,90,886371.785556932,808961.945483979,350860.769221811,504.51849962004,6111.69049849884,29.1767113579331,1109.94991953734,29.7187085296249,9.16937530394128,7.53798962296512
516.8072,2562,11,100,15270.8527806886,9110.86426000865,22771.7772465492,518.292037744093,8323.18531943979,21.8222009695354,3921.70628647056,13.4124379663213,21.0084335375749,8.41157214137691
563.219833333333,2562,11,120,402710.42405234,436771.690213273,114910.269526577,621.017449753472,6880.49945915112,13.3843757295537,2780.26034572639,2.20857163086227,2.97615977096418,2.03582354067912
564.085266666667,2562,10,130,1074580.67120028,1063079.85795787,448890.541091306,637.875327142358,7661.22779205137,29.215619007698,3377.84051680791,15.833436246427,10.1750230421624,2.14525578496447
561.911666666667,2562,10,140,1867825.69499184,1079741.5898852,821055.800826895,674.481188223988,4667.01068100673,32.7633338884297,3952.18377542265,27.0028452179469,14.2186099000771,6.02699148907743
519.362566666667,2562,8,150,2265458.01435752,1685948.4044262,434073.285595251,568.510909567766,10089.8513197727,35.9810305877959,2016.87631481082,19.885495014706,3.72001119818243,5.33281767114476
535.3031,2562,8,160,644233.344164444,580426.609549015,108530.407174657,576.631037552369,8673.91824143001,25.6973993481037,2547.6865691028,19.5982502328271,3.31710708533072,8.51772698905292
410.3553,2562,8,170,912468.530627465,833447.067557385,498162.161816506,434.802174563271,8505.5075527377,20.1152740034132,3512.27122717518,26.3659639947951,1.89804709147383,3.40394213164898
296.835533333333,2562,1,180,30117.0950785924,22825.5090819553,5623.93198593373,289.078732626176,4364.2199652678,10.5909469210228,2839.05034842315,17.4154952088109,-4.09911489061676,8.12857717091939
314.532633333333,2562,1,200,287874.217482792,443141.054479146,59875.9717452825,322.247041898024,6624.04226735948,16.4349785622415,3880.20711672633,22.430007133039,20.3353888284657,5.92425954350072
336.587866666667,2562,1,210,71050.4018282753,104924.66783544,51929.800013872,348.415227617058,7704.17618142754,19.5131936754816,1716.34399180423,25.6686090675092,4.56140977328878,0.72759986212694
312.5412,2562,2,220,268325.426296695,332457.798414141,82772.9676116998,326.961576987742,2931.61784513233,22.3639744230551,3863.57054525706,5.94057259408326,14.073599029649,3.55821390203081
283.8947,2562,2,230,410702.550704157,571630.540132334,127007.362235915,311.989071848041,3659.00043489655,15.7656678683065,876.734632609708,13.0791318542855,8.32445689067223,4.05011712950276
377.358233333333,2562,2,240,79667.9863193775,83513.6017196038,15870.3947420717,410.780253885775,7951.85533696526,16.5090205093867,3063.9578419526,17.7834490028663,13.8419754748631,6.15165140815228
360.182766666667,2562,3,250,646691.180658873,514457.990720278,187747.30925023,400.232356840472,8115.39958090123,14.710895362852,6936.66190367917,29.2509115476176,13.4268978664113,5.28300059814881
303.8244,2562,3,270,1673544.42001551,2033646.31041243,461554.188607774,319.567789311984,9699.24716522548,19.0843460425754,2073.99701744134,7.27605484452528,1.70269719027207,6.26580276608172
327.478033333333,2562,5,280,2284024.49148636,2361285.40187837,875505.989560809,342.059618141118,6178.02965765584,26.1346950900026,1890.35090091979,10.0324612497407,14.4454187672515,1.54249485186204
328.299933333333,2562,5,290,2934437.9731392,2515103.29006269,654827.27109079,313.761521428022,7045.51634438459,36.4023072454899,1735.95488098811,14.8273940552417,12.5185033988379,6.04932194760957
352.0551,2562,5,300,2683827.28915525,2468141.09706715,1109593.01193201,384.273239958112,8123.2885262121,33.4214750430905,1333.11277850943,20.1029830506082,5.385822943495,7.36326350443158
311.1628,2562,4,310,360522.967068662,751319.820358641,60185.315999565,305.963726424058,7396.26383322569,21.1528452059581,4901.41689091328,3.95400963615205,8.27247149309633,5.96914115127033
342.542566666667,2562,4,320,1106315.15657599,2224228.0048244,681141.978053199,377.130777757011,3472.37468550159,31.6890180099111,615.493277404129,22.3656935191974,9.24258636964374,4.11191890343646
343.446933333333,2562,4,330,339395.027073201,232846.04474633,111412.444198001,359.31705109699,6405.90443083323,16.9817548325325,2265.95236491526,28.7040883013374,12.8065163778311,7.01302091914962
298.388633333333,2562,4,340,609556.151957279,418305.200106031,245812.107290679,331.374866315577,1845.23508269703,22.9525846130306,234.619027563371,1.14877845091377,4.5627556563102,2.27537997079618
295.167433333333,2562,6,350,529429.599364185,626637.368270017,190131.200463505,334.102044562091,4007.91674542616,18.662903924275,-408.710346632143,11.3601163765253,10.750350626509,8.24869693660142
329.3639,2562,6,360,2856200.85096151,2690258.51570833,651031.332350891,375.642130844966,6329.08482654204,16.652331465822,1312.74867280785,14.3861518461067,13.9754529704279,10.2558177770111
441.1765,2562,7,370,310748.814542221,433807.722720802,181251.666448341,441.124688957809,5120.28109890486,39.4323455497657,2575.29681982683,23.9031314492064,19.5550347833946,-2.29939298316762
348.363766666667,2562,7,380,784059.23658309,689104.539005478,479735.256139335,356.171018854648,7306.1637601301,30.6413660751324,3496.2762847622,9.80185724190742,11.8450136420937,8.86191768297854
469.6439,2562,14,390,406648.177985507,261984.247524885,250306.00452104,471.129656643158,3712.94308154618,69.7563906741026,2291.52861059715,0.307825408490567,-1.54324404521796,4.75468916265233
496.475766666667,2562,14,400,901387.143000883,813459.513847772,774072.566880889,492.775387387495,6587.68410710146,44.8591391989091,2464.39262267031,22.3299441754152,2.69463138480611,9.5614748128071
696.7482,2562,14,410,1061741.96873538,1002237.52446837,540330.872149929,731.526997935587,7736.76742818558,41.2374514650174,5442.57133982094,20.2060904002503,5.39079490282584,2.1636871020712
600.016066666667,2562,14,420,376371.900519755,361250.350067119,232190.376587844,762.960728626039,4776.62332832206,30.9375756425335,3648.86063397419,25.1861027665219,7.87718596201458,2.76562864957892
487.521133333334,2562,15,430,896780.619080371,950738.436016329,370914.62529418,510.651894855596,9388.77329333579,25.5580457927672,4009.37600108059,12.3440674604644,4.12561875348692,6.17384650253437
716.3517,2562,15,440,109579.753496625,110025.085660928,90875.7222855713,743.51464972025,6712.16167314445,66.6347673407598,830.793056902552,17.729557902679,7.81859443346483,6.59769953648751
604.960933333334,2562,15,450,118288.524578127,61942.2801236076,53123.2224078985,724.513747366713,7070.66125999522,25.0774568239857,2102.92476994898,15.3899477360565,7.6907881692055,7.13389914537321
688.944333333333,2562,15,460,335641.784973307,332697.657393763,164326.445244791,750.302213664803,8125.56687830026,59.4483417397439,3853.04952317775,30.9269568228238,5.99024856145294,5.27945904974454
436.3796,2562,18,470,486597.276156855,498255.631230689,239902.173074715,419.120792365787,7852.8926350046,37.1953502919851,4995.34315714708,6.28053665059001,11.7154301493438,2.53177722041214
286.748333333333,2562,18,480,841587.184717218,386779.6076539,252551.541258055,222.734467935171,7090.97430835962,26.2439785905804,4325.47202082629,20.3545724636598,6.71787844371961,9.23587536559641
614.744933333333,2562,18,490,779175.519879772,713853.58148928,448996.31960953,691.933425341161,9945.51954642251,37.4610406155212,2151.6793605932,-0.111281634195587,3.35886720396687,5.31142497153662
342.2373,2562,20,510,-8862.10281968864,21911.7220178406,-1904.2085502605,340.863838924056,8803.03962103922,20.6300319728356,2369.70261248349,1.84571672029215,16.4658286652498,6.74565991465601
308.395233333333,2562,20,520,56399.8566453786,12774.2721630924,6265.06968579153,304.255684640706,7755.94053501147,28.3907492315155,-183.793715543048,18.8032104055778,3.88976595945462,3.80765647295813
348.254633333333,2562,19,530,-28254.1779726828,54955.246513348,1332.78415241496,345.004288647686,5133.28565502308,22.120026755789,5256.04358825703,2.33155083320405,3.35575504517268,-0.575295317878404
377.279533333334,2562,19,540,95712.357948172,215935.92795706,42745.3725201592,436.589159646035,3412.03264978332,15.6686960668027,1731.87596379559,10.0588992059559,15.0711375753229,2.76488842141826
668.936966666667,2562,19,550,67032.3502398406,44856.9304081543,37734.4902021699,735.424794732805,2740.03620248921,38.9580671317659,1122.14593107728,15.1047579846007,2.90891849634074,9.01433847194631
749.939466666667,2562,17,560,28456.613206435,38090.8003782992,11975.0606689085,1487.07158775176,6237.70821331204,63.7942257149777,5126.12683661073,0.0848250226386682,9.72195144953742,3.65901521832554
572.032433333333,2562,17,570,293905.941017001,354719.424616834,258058.936644715,546.382436284597,4880.19030083885,47.6885881415813,5316.89186391927,7.12241802316987,7.64791648901769,2.9540262662471
437.364333333333,2562,16,580,334708.905267793,310512.356041889,227354.569473201,458.934065398496,7408.71015459135,29.3420798746009,2739.65908741265,24.5202222578946,0.802885279220147,4.94994118530438
506.6348,2562,16,590,435870.224094167,281408.02240048,174096.90429165,618.052284465848,2769.68141152158,18.9024818428975,50.8748176744675,1.58444331978419,3.94111340549436,6.53825694113521
587.4851,2562,17,600,4656.80448188755,2414.08890932746,2084.04813566931,600.587371623148,6778.45375586238,49.9882783878354,1566.04743200219,27.5383626293136,15.9604758370546,2.26973810467412
379.155733333333,2562,16,610,335501.194912904,273944.022340986,124556.622867794,404.711536891299,5814.94119275441,36.1959911815946,1218.11710818895,13.6837003195652,14.4092180060927,1.92915342752189
407.819433333333,2562,16,620,64927.7424143566,56411.6683248349,23908.8172484769,446.168758551729,3783.85172359573,21.6379227026087,4292.85150745308,13.0499629462197,5.87932479716829,5.26188959904893
303.253566666667,2562,21,630,95472.4436125378,110941.813262809,10752.7700037356,199.255125034019,5327.28409808451,34.6900962002667,2950.97336600624,8.91969083966628,11.1479847655404,6.17111266916491
315.367233333333,2562,21,640,17042.7463538275,24529.7005547298,-86.7447839908664,320.187763868361,9116.28643321747,12.557699761016,2164.39252018118,6.40063493678998,9.59721856120048,8.61283318280786
305.2186,2562,21,650,138639.264084639,97671.8732875241,129490.819718633,308.507894319011,7130.348834179,25.8923721953737,981.189634742311,11.47373538178,12.9276678577065,1.85225575998394
301.749633333333,2562,23,660,7900.45616817278,12322.5494805143,2988.5877283808,289.793626130342,7764.78046578699,23.8116005394347,3454.88272912306,22.0039912611961,5.84798547068852,10.5657474854106
414.4752,2562,23,670,62.3498162776852,2447.64978070489,931.193100172816,434.418500189615,4407.63313974305,33.2492874156782,2231.81133509838,15.9473010499218,7.7120285330914,2.47309592332879
379.6671,2562,23,680,13334.5845828364,9514.8000276481,23570.1403369217,391.955797325231,5132.34205644237,20.7825677747043,3081.69488743218,8.41255371842871,2.73528906951491,8.37452906789164
348.2634,2562,23,690,3348.20216121525,-27711.2784100244,31435.5931286048,351.428455791412,8343.96370412801,25.1634884724456,2387.68365932691,22.2098519006612,15.1641988944581,3.39247143369959
367.453,2562,22,700,536823.974354382,482851.049522332,243141.410594985,375.182430817911,4861.36036790998,31.868646414945,2755.62474181694,14.1790172800509,4.15827917190106,5.84833308571674
371.926866666667,2562,22,710,468563.826243143,185916.043666754,28982.3690197881,418.160350902387,4716.35461919396,27.2421562268712,3093.02924428743,12.1030190051211,5.80496849580376,4.14557427876074
500.1916,2562,22,720,348344.20252538,268067.694231567,125962.545489693,527.627626195303,3391.86582675501,39.4789392169585,3021.04627583952,12.7473148329757,19.0773053764753,0.0810978673057852
348.6241,2562,22,730,36345.3629911107,104636.147519855,-6921.59960131112,362.238204122032,10632.9648016377,25.0740889587491,3256.31937088043,16.6895282072268,4.81043601630132,5.41576346586447
335.5021,2562,24,740,137153.842397536,166975.173691472,30092.1059647372,339.97277752924,5221.3022645643,18.2881919262645,3317.90698242724,15.541054232112,8.87358934568042,8.94585269542622
333.3976,2562,24,750,45557.2156006534,58293.4200546851,22676.5795667566,336.789359796175,7187.78540839544,16.4888045562647,3212.81085759712,6.05897524121086,14.4270486611956,4.27945566374309
359.918433333333,2562,24,760,105915.656021688,122798.53089658,20070.4213198541,369.088240569164,7316.78607622083,21.8354119208984,2831.18525032981,14.4405502977367,3.42850270185141,2.25434203891328
585.465766666666,2562,11,110,4672.42226495753,-493.571477013204,3243.44177131518,615.388082534856,7216.74099563628,20.0094267853779,5964.28407202835,27.5730033338392,11.0579924974726,-0.361940334095316
324.5085,2562,1,190,178903.287357188,171438.930327581,49207.4351565408,354.339809624551,5966.48984869457,15.949154218652,-673.319806907798,15.0668215361277,9.90236409397077,4.88968099486076
330.9526,2562,3,260,622778.472976829,589403.308307818,207751.284946013,348.456986013867,6731.64833431066,19.4241912338778,3033.37503816233,31.8015164910159,6.8393807641408,5.04476495637558
275.376733333333,2562,20,500,730708.717540986,710307.087696336,158378.340669629,285.638572868,9546.74543881749,23.3122884709943,893.291111374688,10.2541724433653,6.50905346324248,7.96700624465062
287.463466666667,2562,1,211,96715.5811045932,81043.1727650028,25150.389780517,310.180098389059,7433.64108206521,17.8447561199445,3850.08956433777,18.672616395175,0.966632125690416,5.15880742149405
406.253066666667,2563,12,10,285487.544440695,285621.972741225,95432.8014575812,407.279311674276,7456.42723384458,14.2030887617549,4784.0615125092,20.242688911915,6.02316956552312,6.7422278165175
586.858633333333,2563,12,20,22950.8163992867,245222.675149272,55678.2731062445,657.971928926603,7082.28472792293,16.993599229061,2436.38264147485,11.2606688884941,5.66201530643806,3.24776514219572
447.139733333333,2563,12,30,40941.8429257166,48572.5363923729,24292.0123631163,476.124327330851,8601.94149614113,14.8514787300754,-301.989263019515,6.31400090372553,18.4601549004657,4.61537574232444
591.9068,2563,13,40,26355.0818944007,10951.5906874217,6598.54372014103,626.161606075096,7156.2401232607,30.1185732352984,4431.09354979273,28.732400484259,12.5812552875122,1.15569111579878
539.6022,2563,13,50,176815.974375525,161196.781398363,83343.9203691638,560.485364355996,6853.05272490082,24.5577810865714,2752.86479975001,7.90808284473402,9.72997189991797,3.55726705798931
429.163566666667,2563,13,60,88304.8740557714,84924.5751273979,28250.6423469465,465.942216625758,5678.19551739443,19.2854688941507,4067.73663397435,35.0628655158088,3.98183951324182,0.164193148138994
450.758433333334,2563,9,70,170338.285210005,153896.401176451,84544.3424070035,495.127985572067,4569.72674363004,13.133919664634,771.495591723585,10.6714751337581,7.45127059741958,5.44453656269416
439.597,2563,9,80,1171937.62189499,1147281.69118014,638844.750876603,423.040401836573,4330.77970479905,47.4283107180521,4289.38095490565,8.11794029679577,15.5652997478482,8.73659472458279
570.3516,2563,9,90,750330.677748188,622288.236927728,297817.559449045,671.460164279504,9494.58798343887,23.3556786837692,2771.13316040125,12.0861200712578,2.63522958735493,0.58074830044175
532.833,2563,11,100,9581.36907648323,8360.25514289298,8439.34413774805,578.531117768331,4041.93559272706,6.46447594841002,3064.9731850622,14.375954430698,11.2731002563328,3.20844773081507
516.007833333334,2563,11,120,297537.826760219,476127.094800146,182782.484988264,566.963771611866,9846.34445841759,16.154576977494,652.770049385238,14.4864753966915,23.9336060060404,7.485205132348
522.7021,2563,10,130,1119031.42755558,1033396.25554747,408042.814473714,601.499567914346,5557.69299930247,26.6040903137214,1626.77542979518,8.36124214480145,8.91569762964157,1.98107723929908
505.0304,2563,10,140,1436070.45487346,1361768.91094923,659493.068163324,508.204485751072,4991.59481672527,19.1931530368708,4284.26698968517,13.6526770861584,10.6397648756993,3.31168883032608
544.176633333333,2563,8,150,2303037.37956528,2117818.97801557,1279306.47908501,591.857636545094,5238.7771341509,33.002327443895,3197.65693553199,6.58688448618629,-1.9914525008581,0.830114240156728
436.3279,2563,8,160,586450.923783532,405176.219808189,286820.608044328,464.998179308864,8677.07526248968,27.1300486340031,4840.29987947758,12.2683296560309,14.8396884778588,9.3823908888438
493.651566666667,2563,8,170,950934.933473442,901075.45747382,572601.372093623,533.98639082154,3186.40362420323,22.6204175002126,1008.39595810335,14.3396223302344,10.1282138929839,1.34618928848175
404.945633333333,2563,1,180,7316.87121790957,17900.8355000621,9304.96854651165,434.67009253734,8250.40485957868,17.0346047409735,3741.39276344548,6.57727204864111,11.3830364194467,2.86123049327731
275.798233333333,2563,1,200,479311.15769509,291472.091318058,109453.342557396,311.465900890885,3725.20156439526,13.6504960861349,35.1759764435278,1.95371398958826,10.5471081576571,7.40198186603944
364.729733333334,2563,1,210,109189.055713379,142418.00001811,35815.6920142024,384.510898763685,6155.99659278462,12.4811568594039,2252.8203613716,9.32509092208715,9.74219142143632,2.73086447448238
298.395933333333,2563,2,220,204308.517725491,326762.881896906,106961.780351166,303.902744212283,6334.54341088633,17.4932650056218,3022.51497570627,31.7437820272277,0.564590335427226,4.91147923608278
311.518966666667,2563,2,230,452689.325945292,466463.110431577,137857.655867411,324.641242255506,7707.53139455779,14.971760331596,1893.9114205009,17.0154934800506,13.9001358783953,4.60601743019275
315.743266666667,2563,2,240,25732.8793616519,62041.6224654056,16961.9666576631,324.006877663862,7045.64260623986,18.3071053909894,2190.66546851144,13.0508802881518,10.4326803453455,7.78666251701415
328.087933333333,2563,3,250,500332.315786785,682800.181574018,96371.1964556103,351.181512266289,4003.0310012917,19.3685051463079,2621.46521859651,19.6958550185345,6.53154087550183,6.83490787502792
294.830733333333,2563,3,270,1581987.71716043,1630895.79721479,606826.967112771,308.165375099379,8051.99738200531,19.1610954060047,2209.59172777211,11.6255450159211,8.29097343079954,3.77209229303473
341.3276,2563,5,280,1930943.25576825,2408993.44498338,904063.087391192,369.827846699833,3182.94573231994,26.2491267531943,1911.53900105559,16.9544669254917,7.32583831677706,-0.219422295640786
324.691,2563,5,290,3378303.33312238,3051853.12105053,1130150.74625539,330.155233865495,4918.34280657293,42.3482261464543,694.927637691318,16.6405520933803,14.4847728648987,6.68630933801973
328.878066666667,2563,5,300,2329909.81360997,2163197.32977253,841510.302065403,225.942976923294,3516.38377065871,39.9877338676643,1950.82333803991,12.9203817941122,12.1119805016736,3.0881546223111
309.139533333333,2563,4,310,-36544.1009585996,620420.658660653,111963.150632821,323.610674997844,5441.54968427605,27.1610742797411,1136.68905942939,21.1262293752628,6.97869860700727,6.53823034523244
307.6714,2563,4,320,2155091.57971758,1335847.34328782,488409.408521286,324.002668598942,6101.41564615279,27.1135227850659,2485.84814757129,6.27694467856564,10.8074319235227,0.0545984223429112
359.810666666667,2563,4,330,305330.016314247,324001.51899584,132455.375328561,384.575451148493,4639.66726437946,19.2561590609293,3114.39943082153,10.851585058982,6.77458272758543,6.52184952839479
284.081066666667,2563,4,340,323689.99453601,542275.379124918,281312.036916673,297.612721250537,5295.24121810118,12.336161892881,1394.39722404112,15.4969787962979,6.36583512794674,6.20431817551489
257.2863,2563,6,350,490811.237062188,657544.81193935,79072.8645352427,243.028506843466,9417.92714462698,20.3687228583084,1350.68310954201,9.51742545889715,7.4856124834736,7.05758339534851
318.181433333333,2563,6,360,3193392.17584225,2568746.12541171,733293.862820898,360.784700133812,8400.80730106628,17.407419569181,1382.01894932996,4.69639441904701,1.28899919033669,2.62969488895782
454.731266666666,2563,7,370,363709.345929992,426576.671412822,218886.125425403,463.574724490172,8078.49315254259,42.2235451411905,2230.03551494693,21.801689108117,15.8772974510106,3.8209700379294
546.550966666666,2563,7,380,537090.573083768,753831.007409037,354412.920747952,641.757063221205,3603.89569914443,31.6696920916323,2558.72968868697,22.8790588550027,7.86878867434707,5.81791398036471
689.744833333334,2563,14,390,311431.206488115,301809.38521573,199361.658512669,703.380432800981,7674.41210724348,50.166752183076,6527.77979867309,15.6964111422744,10.0924229817393,7.68764642402033
503.945533333334,2563,14,400,839584.786829644,725810.82475533,430841.030840442,524.401363011452,5180.30967833619,29.3076230101622,1724.55863950641,23.6278367461692,13.4666628637061,4.66993526572372
631.946933333333,2563,14,410,1158194.15017689,1001044.41428112,1125031.76661313,673.048563040468,4439.79942466628,43.7006220889892,3282.77247078447,8.7464192124574,4.89703094316363,3.01486212039414
503.7879,2563,14,420,367169.934797948,321039.650778872,145961.130782237,559.117613115688,6062.89527619171,13.5322690618574,4197.32397359121,14.8062194798037,10.0447428150451,10.1257071844671
421.168,2563,15,430,741833.881568512,754112.847470482,467869.949466077,437.828809598253,6581.77383049146,41.4445947135798,1132.35855542455,19.0283676249881,8.70542809049315,-2.10439436299857
715.063466666667,2563,15,440,115852.873269985,112373.079884319,89235.4562454547,722.702675437168,8287.93112483626,50.0061624452449,4075.07685938675,14.4746178470963,11.8109544025955,0.971446220169086
482.123233333333,2563,15,450,114490.761143496,102623.93161198,56474.3421169413,469.646249789869,7726.72232485011,51.1213266986543,3393.78079597353,21.0530239784898,11.5885497681411,3.24745496548601
684.234666666667,2563,15,460,332165.611726647,310141.21104738,310008.936731213,717.664734301748,5410.3196855694,53.7951628362798,178.744273885925,17.1008908937759,6.95345977003695,6.09141661098779
420.040533333333,2563,18,470,404822.160649541,483350.914961485,236836.922721806,373.899807275542,8531.33502531337,38.2114817568058,5335.79441396315,0.473820673836547,14.0930672173688,6.82670738671957
289.9915,2563,18,480,493669.000646035,1011876.12026469,238893.343825152,297.742225849255,8531.23082193222,27.6043754824522,1235.68616850708,27.1183903936458,6.25545892539958,-2.31088587578363
543.533766666667,2563,18,490,629048.844549361,742999.903223235,380575.301063017,520.73722125532,5803.65757242143,46.0990423797174,5070.22519189403,13.6402930985611,11.8368445116122,4.47768933381182
291.885366666667,2563,20,510,21167.2954557932,59786.1176164442,20078.1596044881,265.238241481586,6837.48894145971,23.9917507854502,2973.46473929796,14.874868817412,10.0281005555799,5.13592225439822
372.9777,2563,20,520,45785.2910478701,100153.616873326,14316.0854227575,377.901973677168,6761.64105304481,28.1333778919625,1937.58593146824,10.7920431781575,5.30071419356096,3.87104438321976
381.7535,2563,19,530,105354.708432266,51383.5374259403,16040.6303201714,431.054268159874,6108.89309047528,28.1092317899988,234.825008533498,18.9748687351292,17.8100102124812,8.80651121269258
374.1407,2563,19,540,140486.825603123,127098.438579384,31952.0925883414,403.178729837309,4998.45662868674,18.6314224979351,3365.8271258713,13.5392469037844,15.7253855801886,5.41635691470947
666.2264,2563,19,550,31400.2087662085,15551.4981874287,30483.59124121,965.450199185598,6096.57934443324,35.4192823121838,3170.01133855779,24.7206191604314,7.84242103678567,4.01788392393761
605.025433333333,2563,17,560,20291.957112545,19025.9235207946,11391.2793145095,616.40866872705,6694.47064150949,42.9941552410213,3189.21898540324,-2.9479126602203,4.36527029015787,4.71747997705462
648.755633333334,2563,17,570,293140.286634815,356664.656362415,190528.06389679,677.846161951344,6887.77128979574,41.092973086635,2490.0164870651,18.723518700098,7.21818841128484,5.40483960986857
472.088333333334,2563,16,580,396436.591902714,360948.508907679,226736.892697443,490.900190365426,6997.19297674029,33.6310565869354,2143.15174910635,6.76572659903881,0.429501700200028,6.42603124407666
621.486966666667,2563,16,590,299153.353663774,284839.017877354,181079.856136965,645.355178217375,8018.5811368528,41.3086722942016,3247.4763154094,11.3474811963633,12.7944276118274,4.22493445032161
518.0973,2563,17,600,1416.15049510073,3778.53226509236,1940.98519137873,583.678756793222,2762.39073329176,23.0641909823103,757.577313099888,14.8757793175767,1.74882951627364,8.99996126767348
475.558333333333,2563,16,610,307077.316328247,303311.028167,164594.736552682,505.418268174215,5954.41489751442,17.3221249515832,1707.62171660665,31.2865600551466,7.36413466116546,4.22648722951579
367.762933333333,2563,16,620,38098.9069716685,52320.3414537911,25128.2566184568,387.390758291511,6486.73143573902,0.856075906825932,2838.69706717624,11.8002994588861,3.44617286679095,7.59606152529922
410.966666666667,2563,21,630,876.055033826808,13455.5115610364,27596.6952112131,397.466398365217,7523.31601245835,31.6374570843137,4583.59472208054,32.9388412806861,9.40356709179113,5.47717569999771
283.678066666667,2563,21,640,20731.812867162,27025.3518683293,2331.71471638784,234.671427651019,7894.56311655636,10.2360917619871,2721.15811254069,15.2276290673171,7.13564078781111,4.97331671965518
436.902833333333,2563,21,650,164995.471963731,299482.307486677,-17116.8447584114,472.975139602501,6516.0444830241,39.3018444586074,1750.12435556473,10.8337972725307,7.66359995841229,4.84712493355897
293.096433333333,2563,23,660,36160.6829614947,16742.1924954769,8360.97603146411,265.669119262162,6525.14862848465,24.9057176525703,4039.94881514046,12.8402409041125,11.071437024964,0.695809796601436
337.4101,2563,23,670,552.861822402645,2463.6839755371,645.679864014199,340.673519825521,9165.06669268931,31.1827447285145,3127.25307822549,32.9489248342681,11.8912392555325,4.32725392457135
324.932733333333,2563,23,680,47366.6631948927,-5923.32825066804,15805.1455275094,228.604447558009,10526.632776996,21.7275355698425,4773.8449709226,12.1415141337028,16.0267550468283,4.20035838026258
327.972166666667,2563,23,690,65321.1261492204,80436.7549133423,10766.3518026078,328.673830169554,5104.89972070907,26.9019209452834,3329.32228830955,7.82689306902767,4.85291057886418,0.0388157147965087
331.0839,2563,22,700,434164.310735298,781954.436014357,107800.604400045,348.556804631911,9315.37614172222,19.9149061848647,3467.75122166138,13.2755424388917,3.78890634321769,4.81328276360048
451.213533333333,2563,22,710,301669.854893386,355934.435316465,91696.0646952497,480.970973822719,5750.59875352196,35.1892243283758,3007.10163033227,27.082758124451,8.45750025453125,3.72999851425325
515.560633333333,2563,22,720,393226.776725245,274386.132362294,91708.1643581192,560.58268433938,2899.19632838643,42.9453333806752,1462.32256550048,20.2407831172201,6.13669435724166,1.0201087757276
369.440966666667,2563,22,730,31317.7885252218,91313.8752320602,-19314.2574324773,380.186519213632,6263.07793703162,22.0532857705379,3784.08470797054,17.3579851842303,0.777294579171562,0.836961844291607
365.405466666666,2563,24,740,184496.498139365,127434.212536977,41977.65807891,362.359369531162,389.448432008685,22.4804500346596,6019.63934938885,12.5897055686337,17.1250587441137,3.87525277062421
351.0636,2563,24,750,108134.767763391,68931.3306933977,18753.035188205,361.021987471757,7149.90589494357,23.7009655068662,3609.16601530504,15.0723833732931,3.91386967003696,2.81044873084846
348.528933333333,2563,24,760,153003.315511,90327.9127034657,37656.971559611,369.457134361747,7866.52563346912,18.6198590189269,-274.565337618259,12.7555279962631,2.87809092601048,3.56529559954265
337.992466666667,2563,11,110,10134.2950485679,4054.1099750595,2338.4171714855,261.073310986866,7790.91775548143,14.1391835346316,4543.14661738723,31.2321847631995,3.44012158946316,-0.470405177872585
286.9752,2563,1,190,124662.478942234,125990.230702128,29603.507150446,302.526920382402,5586.36398725917,16.6755699496722,48.1551328754922,9.14642572273865,2.46835549346216,6.76868767564934
299.410733333333,2563,3,260,445877.035598689,558079.288058247,145259.442566417,312.282884255433,7743.50960576393,21.1910893251833,2639.34696791637,19.0876803132506,3.26964705046282,2.58199223194075
316.938566666667,2563,20,500,743655.110395672,787255.817686361,162557.471162467,357.675047223188,6207.39548287769,19.5272056700533,1360.59826954777,18.0898771538186,14.313481954657,0.211671156874976
278.864266666667,2563,1,211,99595.1748365338,79196.9364347755,26220.0690235499,282.368593781823,7789.82444157501,17.4762651378179,4094.51259232827,10.7947795244834,10.6546902466844,1.3582255474206
