"output_yield","year","reginal_zone","province_code"
528,2532,12,10
523,2532,12,20
475,2532,12,30
458,2532,13,40
510,2532,13,50
297,2532,13,60
390,2532,9,70
421,2532,9,80
357,2532,9,90
603,2532,11,100
394,2532,11,120
424,2532,10,130
337,2532,10,140
373,2532,8,150
319,2532,8,160
476,2532,8,170
303,2532,1,180
251,2532,1,200
247,2532,1,210
274,2532,2,220
256,2532,2,230
268,2532,2,240
231,2532,3,250
241,2532,3,270
258,2532,5,280
251,2532,5,290
249,2532,5,300
235,2532,4,310
242,2532,4,320
328,2532,4,330
299,2532,4,340
247,2532,6,350
232,2532,6,360
420,2532,7,370
352,2532,7,380
468,2532,14,390
443,2532,14,400
439,2532,14,410
345,2532,14,420
384,2532,15,430
709,2532,15,440
411,2532,15,450
610,2532,15,460
400,2532,18,470
257,2532,18,480
468,2532,18,490
235,2532,20,510
286,2532,20,520
365,2532,19,530
370,2532,19,540
562,2532,19,550
352,2532,17,560
584,2532,17,570
254,2532,16,580
326,2532,16,590
417,2532,17,600
408,2532,16,610
286,2532,16,620
243,2532,21,630
267,2532,21,640
218,2532,21,650
268,2532,23,660
316,2532,23,670
225,2532,23,680
245,2532,23,690
236,2532,22,700
359,2532,22,710
249,2532,22,720
277,2532,22,730
263,2532,24,740
295,2532,24,750
259,2532,24,760
491,2533,12,10
452,2533,12,20
474,2533,12,30
448,2533,13,40
587,2533,13,50
444,2533,13,60
368,2533,9,70
251,2533,9,80
279,2533,9,90
564,2533,11,100
414,2533,11,120
241,2533,10,130
214,2533,10,140
206,2533,8,150
187,2533,8,160
272,2533,8,170
287,2533,1,180
269,2533,1,200
225,2533,1,210
264,2533,2,220
218,2533,2,230
326,2533,2,240
245,2533,3,250
262,2533,3,270
311,2533,5,280
271,2533,5,290
262,2533,5,300
263,2533,4,310
249,2533,4,320
327,2533,4,330
255,2533,4,340
193,2533,6,350
153,2533,6,360
181,2533,7,370
191,2533,7,380
284,2533,14,390
249,2533,14,400
282,2533,14,410
238,2533,14,420
121,2533,15,430
393,2533,15,440
145,2533,15,450
241,2533,15,460
111,2533,18,470
123,2533,18,480
298,2533,18,490
358,2533,20,510
345,2533,20,520
328,2533,19,530
262,2533,19,540
423,2533,19,550
368,2533,17,560
261,2533,17,570
238,2533,16,580
317,2533,16,590
436,2533,17,600
402,2533,16,610
272,2533,16,620
224,2533,21,630
229,2533,21,640
221,2533,21,650
283,2533,23,660
384,2533,23,670
233,2533,23,680
254,2533,23,690
170,2533,22,700
380,2533,22,710
246,2533,22,720
317,2533,22,730
317,2533,24,740
350,2533,24,750
328,2533,24,760
480,2534,12,10
402,2534,12,20
489,2534,12,30
490,2534,13,40
668,2534,13,50
480,2534,13,60
413,2534,9,70
435,2534,9,80
276,2534,9,90
418,2534,11,100
401,2534,11,120
373,2534,10,130
314,2534,10,140
322,2534,8,150
261,2534,8,160
276,2534,8,170
469,2534,1,180
262,2534,1,200
221,2534,1,210
235,2534,2,220
269,2534,2,230
368,2534,2,240
209,2534,3,250
236,2534,3,270
294,2534,5,280
245,2534,5,290
235,2534,5,300
244,2534,4,310
235,2534,4,320
238,2534,4,330
225,2534,4,340
328,2534,6,350
283,2534,6,360
424,2534,7,370
389,2534,7,380
487,2534,14,390
460,2534,14,400
522,2534,14,410
427,2534,14,420
394,2534,15,430
664,2534,15,440
440,2534,15,450
561,2534,15,460
368,2534,18,470
353,2534,18,480
441,2534,18,490
394,2534,20,510
330,2534,20,520
347,2534,19,530
287,2534,19,540
541,2534,19,550
455,2534,17,560
621,2534,17,570
350,2534,16,580
358,2534,16,590
450,2534,17,600
362,2534,16,610
283,2534,16,620
294,2534,21,630
267,2534,21,640
299,2534,21,650
240,2534,23,660
270,2534,23,670
269,2534,23,680
254,2534,23,690
291,2534,22,700
390,2534,22,710
315,2534,22,720
351,2534,22,730
330,2534,24,740
323,2534,24,750
357,2534,24,760
247,2535,12,10
179,2535,12,20
416,2535,12,30
342,2535,13,40
340,2535,13,50
420,2535,13,60
382,2535,9,70
510,2535,9,80
341,2535,9,90
355,2535,11,100
157,2535,11,110
392,2535,11,120
417,2535,10,130
355,2535,10,140
344,2535,8,150
238,2535,8,160
376,2535,8,170
287,2535,1,180
239,2535,1,200
217,2535,1,210
234,2535,2,220
271,2535,2,230
251,2535,2,240
288,2535,3,250
244,2535,3,270
255,2535,5,280
253,2535,5,290
230,2535,5,300
246,2535,4,310
278,2535,4,320
282,2535,4,330
199,2535,4,340
304,2535,6,350
257,2535,6,360
356,2535,7,370
291,2535,7,380
500,2535,14,390
459,2535,14,400
537,2535,14,410
380,2535,14,420
407,2535,15,430
729,2535,15,440
477,2535,15,450
655,2535,15,460
398,2535,18,470
257,2535,18,480
446,2535,18,490
312,2535,20,510
353,2535,20,520
327,2535,19,530
328,2535,19,540
495,2535,19,550
498,2535,17,560
678,2535,17,570
336,2535,16,580
353,2535,16,590
448,2535,17,600
393,2535,16,610
355,2535,16,620
307,2535,21,630
314,2535,21,640
275,2535,21,650
253,2535,23,660
353,2535,23,670
227,2535,23,680
272,2535,23,690
304,2535,22,700
372,2535,22,710
326,2535,22,720
299,2535,22,730
328,2535,24,740
272,2535,24,750
293,2535,24,760
250,2536,12,10
199,2536,12,20
267,2536,12,30
281,2536,13,40
524,2536,13,50
365,2536,13,60
411,2536,9,70
384,2536,9,80
359,2536,9,90
447,2536,11,100
323,2536,11,110
377,2536,11,120
355,2536,10,130
322,2536,10,140
273,2536,8,150
231,2536,8,160
247,2536,8,170
330,2536,1,180
307,2536,1,200
249,2536,1,210
283,2536,2,220
276,2536,2,230
246,2536,2,240
186,2536,3,250
188,2536,3,270
221,2536,5,280
264,2536,5,290
225,2536,5,300
220,2536,4,310
314,2536,4,320
380,2536,4,330
276,2536,4,340
273,2536,6,350
233,2536,6,360
321,2536,7,370
332,2536,7,380
555,2536,14,390
410,2536,14,400
561,2536,14,410
376,2536,14,420
369,2536,15,430
722,2536,15,440
472,2536,15,450
675,2536,15,460
380,2536,18,470
319,2536,18,480
481,2536,18,490
333,2536,20,510
341,2536,20,520
316,2536,19,530
321,2536,19,540
603,2536,19,550
484,2536,17,560
600,2536,17,570
367,2536,16,580
413,2536,16,590
492,2536,17,600
445,2536,16,610
251,2536,16,620
331,2536,21,630
257,2536,21,640
313,2536,21,650
248,2536,23,660
493,2536,23,670
224,2536,23,680
312,2536,23,690
269,2536,22,700
317,2536,22,710
373,2536,22,720
400,2536,22,730
334,2536,24,740
290,2536,24,750
325,2536,24,760
237,2537,12,10
450,2537,12,20
463,2537,12,30
498,2537,13,40
513,2537,13,50
355,2537,13,60
373,2537,9,70
451,2537,9,80
315,2537,9,90
476,2537,11,100
449,2537,11,110
493,2537,11,120
388,2537,10,130
342,2537,10,140
350,2537,8,150
318,2537,8,160
448,2537,8,170
324,2537,1,180
279,2537,1,190
237,2537,1,200
263,2537,1,210
324,2537,2,220
250,2537,2,230
275,2537,2,240
183,2537,3,250
239,2537,3,260
261,2537,3,270
281,2537,5,280
307,2537,5,290
245,2537,5,300
229,2537,4,310
259,2537,4,320
353,2537,4,330
243,2537,4,340
330,2537,6,350
237,2537,6,360
417,2537,7,370
346,2537,7,380
567,2537,14,390
580,2537,14,400
586,2537,14,410
439,2537,14,420
389,2537,15,430
793,2537,15,440
573,2537,15,450
679,2537,15,460
376,2537,18,470
248,2537,18,480
474,2537,18,490
279,2537,20,500
275,2537,20,510
293,2537,20,520
361,2537,19,530
258,2537,19,540
591,2537,19,550
542,2537,17,560
714,2537,17,570
314,2537,16,580
411,2537,16,590
488,2537,17,600
414,2537,16,610
264,2537,16,620
282,2537,21,630
275,2537,21,640
276,2537,21,650
280,2537,23,660
334,2537,23,670
268,2537,23,680
344,2537,23,690
309,2537,22,700
309,2537,22,710
354,2537,22,720
323,2537,22,730
307,2537,24,740
269,2537,24,750
310,2537,24,760
265,2538,12,10
424,2538,12,20
513,2538,12,30
375,2538,13,40
396,2538,13,50
404,2538,13,60
395,2538,9,70
486,2538,9,80
281,2538,9,90
432,2538,11,100
443,2538,11,110
380,2538,11,120
269,2538,10,130
302,2538,10,140
263,2538,8,150
286,2538,8,160
449,2538,8,170
268,2538,1,180
318,2538,1,190
235,2538,1,200
234,2538,1,210
265,2538,2,220
214,2538,2,230
230,2538,2,240
249,2538,3,250
261,2538,3,260
267,2538,3,270
266,2538,5,280
266,2538,5,290
276,2538,5,300
259,2538,4,310
282,2538,4,320
302,2538,4,330
259,2538,4,340
211,2538,6,350
297,2538,6,360
363,2538,7,370
270,2538,7,380
499,2538,14,390
639,2538,14,400
547,2538,14,410
313,2538,14,420
232,2538,15,430
685,2538,15,440
499,2538,15,450
444,2538,15,460
352,2538,18,470
205,2538,18,480
435,2538,18,490
250,2538,20,500
320,2538,20,510
268,2538,20,520
265,2538,19,530
289,2538,19,540
476,2538,19,550
539,2538,17,560
613,2538,17,570
303,2538,16,580
417,2538,16,590
538,2538,17,600
462,2538,16,610
285,2538,16,620
248,2538,21,630
257,2538,21,640
323,2538,21,650
236,2538,23,660
328,2538,23,670
282,2538,23,680
367,2538,23,690
315,2538,22,700
353,2538,22,710
358,2538,22,720
345,2538,22,730
325,2538,24,740
287,2538,24,750
335,2538,24,760
318,2539,12,10
466,2539,12,20
523,2539,12,30
476,2539,13,40
523,2539,13,50
326,2539,13,60
352,2539,9,70
347,2539,9,80
331,2539,9,90
508,2539,11,100
216,2539,11,110
513,2539,11,120
368,2539,10,130
317,2539,10,140
313,2539,8,150
352,2539,8,160
424,2539,8,170
381,2539,1,180
305,2539,1,190
313,2539,1,200
286,2539,1,210
292,2539,2,220
234,2539,2,230
285,2539,2,240
166,2539,3,250
236,2539,3,260
238,2539,3,270
235,2539,5,280
219,2539,5,290
264,2539,5,300
263,2539,4,310
223,2539,4,320
395,2539,4,330
267,2539,4,340
267,2539,6,350
281,2539,6,360
389,2539,7,370
393,2539,7,380
563,2539,14,390
498,2539,14,400
540,2539,14,410
461,2539,14,420
399,2539,15,430
642,2539,15,440
627,2539,15,450
673,2539,15,460
343,2539,18,470
255,2539,18,480
407,2539,18,490
239,2539,20,500
284,2539,20,510
262,2539,20,520
367,2539,19,530
306,2539,19,540
706,2539,19,550
633,2539,17,560
540,2539,17,570
204,2539,16,580
398,2539,16,590
249,2539,17,600
323,2539,16,610
332,2539,16,620
276,2539,21,630
251,2539,21,640
308,2539,21,650
314,2539,23,660
367,2539,23,670
288,2539,23,680
370,2539,23,690
295,2539,22,700
361,2539,22,710
390,2539,22,720
311,2539,22,730
335,2539,24,740
298,2539,24,750
336,2539,24,760
423,2540,12,10
461,2540,12,20
428,2540,12,30
470,2540,13,40
488,2540,13,50
379,2540,13,60
346,2540,9,70
351,2540,9,80
368,2540,9,90
553,2540,11,100
416,2540,11,110
443,2540,11,120
418,2540,10,130
414,2540,10,140
314,2540,8,150
305,2540,8,160
450,2540,8,170
314,2540,1,180
395,2540,1,190
241,2540,1,200
292,2540,1,210
248,2540,2,220
248,2540,2,230
264,2540,2,240
256,2540,3,250
252,2540,3,260
259,2540,3,270
290,2540,5,280
311,2540,5,290
246,2540,5,300
281,2540,4,310
274,2540,4,320
219,2540,4,330
234,2540,4,340
236,2540,6,350
274,2540,6,360
409,2540,7,370
392,2540,7,380
594,2540,14,390
607,2540,14,400
574,2540,14,410
494,2540,14,420
363,2540,15,430
734,2540,15,440
640,2540,15,450
690,2540,15,460
337,2540,18,470
271,2540,18,480
485,2540,18,490
283,2540,20,500
298,2540,20,510
305,2540,20,520
268,2540,19,530
244,2540,19,540
552,2540,19,550
555,2540,17,560
682,2540,17,570
365,2540,16,580
433,2540,16,590
490,2540,17,600
414,2540,16,610
349,2540,16,620
241,2540,21,630
260,2540,21,640
320,2540,21,650
338,2540,23,660
479,2540,23,670
269,2540,23,680
338,2540,23,690
325,2540,22,700
383,2540,22,710
371,2540,22,720
367,2540,22,730
335,2540,24,740
250,2540,24,750
334,2540,24,760
444,2541,12,10
414,2541,12,20
437,2541,12,30
469,2541,13,40
422,2541,13,50
286,2541,13,60
349,2541,9,70
437,2541,9,80
455,2541,9,90
591,2541,11,100
504,2541,11,110
321,2541,11,120
414,2541,10,130
471,2541,10,140
324,2541,8,150
398,2541,8,160
427,2541,8,170
330,2541,1,180
348,2541,1,190
263,2541,1,200
318,2541,1,210
263,2541,2,220
287,2541,2,230
262,2541,2,240
250,2541,3,250
264,2541,3,260
257,2541,3,270
255,2541,5,280
229,2541,5,290
282,2541,5,300
281,2541,4,310
238,2541,4,320
335,2541,4,330
251,2541,4,340
256,2541,6,350
253,2541,6,360
420,2541,7,370
386,2541,7,380
622,2541,14,390
516,2541,14,400
675,2541,14,410
511,2541,14,420
485,2541,15,430
738,2541,15,440
630,2541,15,450
700,2541,15,460
415,2541,18,470
285,2541,18,480
496,2541,18,490
265,2541,20,500
315,2541,20,510
329,2541,20,520
329,2541,19,530
299,2541,19,540
579,2541,19,550
583,2541,17,560
702,2541,17,570
284,2541,16,580
552,2541,16,590
553,2541,17,600
477,2541,16,610
332,2541,16,620
225,2541,21,630
276,2541,21,640
288,2541,21,650
299,2541,23,660
314,2541,23,670
289,2541,23,680
316,2541,23,690
322,2541,22,700
393,2541,22,710
368,2541,22,720
344,2541,22,730
339,2541,24,740
309,2541,24,750
323,2541,24,760
454,2542,12,10
424,2542,12,20
458,2542,12,30
482,2542,13,40
480,2542,13,50
308,2542,13,60
378,2542,9,70
455,2542,9,80
468,2542,9,90
594,2542,11,100
423,2542,11,110
342,2542,11,120
335,2542,10,130
318,2542,10,140
348,2542,8,150
407,2542,8,160
433,2542,8,170
345,2542,1,180
354,2542,1,190
272,2542,1,200
332,2542,1,210
280,2542,2,220
292,2542,2,230
269,2542,2,240
254,2542,3,250
275,2542,3,260
272,2542,3,270
263,2542,5,280
257,2542,5,290
291,2542,5,300
292,2542,4,310
250,2542,4,320
350,2542,4,330
255,2542,4,340
249,2542,6,350
262,2542,6,360
417,2542,7,370
417,2542,7,380
625,2542,14,390
548,2542,14,400
608,2542,14,410
544,2542,14,420
503,2542,15,430
689,2542,15,440
517,2542,15,450
735,2542,15,460
433,2542,18,470
282,2542,18,480
509,2542,18,490
258,2542,20,500
309,2542,20,510
306,2542,20,520
346,2542,19,530
314,2542,19,540
575,2542,19,550
591,2542,17,560
689,2542,17,570
296,2542,16,580
572,2542,16,590
560,2542,17,600
503,2542,16,610
342,2542,16,620
248,2542,21,630
277,2542,21,640
306,2542,21,650
312,2542,23,660
349,2542,23,670
299,2542,23,680
333,2542,23,690
329,2542,22,700
381,2542,22,710
374,2542,22,720
351,2542,22,730
344,2542,24,740
302,2542,24,750
331,2542,24,760
446,2543,12,10
432,2543,12,20
486,2543,12,30
487,2543,13,40
497,2543,13,50
338,2543,13,60
373,2543,9,70
445,2543,9,80
379,2543,9,90
475,2543,11,100
400,2543,11,110
358,2543,11,120
427,2543,10,130
437,2543,10,140
426,2543,8,150
505,2543,8,160
390,2543,8,170
374,2543,1,180
363,2543,1,190
283,2543,1,200
308,2543,1,210
277,2543,2,220
259,2543,2,230
274,2543,2,240
268,2543,3,250
284,2543,3,260
288,2543,3,270
280,2543,5,280
291,2543,5,290
311,2543,5,300
295,2543,4,310
266,2543,4,320
357,2543,4,330
291,2543,4,340
275,2543,6,350
268,2543,6,360
411,2543,7,370
320,2543,7,380
648,2543,14,390
544,2543,14,400
569,2543,14,410
536,2543,14,420
512,2543,15,430
729,2543,15,440
602,2543,15,450
699,2543,15,460
398,2543,18,470
299,2543,18,480
468,2543,18,490
269,2543,20,500
303,2543,20,510
318,2543,20,520
326,2543,19,530
309,2543,19,540
617,2543,19,550
574,2543,17,560
680,2543,17,570
309,2543,16,580
575,2543,16,590
566,2543,17,600
510,2543,16,610
350,2543,16,620
254,2543,21,630
260,2543,21,640
268,2543,21,650
320,2543,23,660
320,2543,23,670
305,2543,23,680
342,2543,23,690
326,2543,22,700
324,2543,22,710
333,2543,22,720
329,2543,22,730
299,2543,24,740
308,2543,24,750
273,2543,24,760
419,2544,12,10
443,2544,12,20
523,2544,12,30
563,2544,13,40
495,2544,13,50
347,2544,13,60
445,2544,9,70
484,2544,9,80
370,2544,9,90
545,2544,11,100
370,2544,11,110
447,2544,11,120
486,2544,10,130
392,2544,10,140
438,2544,8,150
487,2544,8,160
499,2544,8,170
360,2544,1,180
329,2544,1,190
272,2544,1,200
288,2544,1,210
280,2544,2,220
238,2544,2,230
314,2544,2,240
274,2544,3,250
305,2544,3,260
278,2544,3,270
318,2544,5,280
309,2544,5,290
298,2544,5,300
329,2544,4,310
328,2544,4,320
260,2544,4,330
347,2544,4,340
284,2544,6,350
219,2544,6,360
424,2544,7,370
339,2544,7,380
665,2544,14,390
632,2544,14,400
626,2544,14,410
648,2544,14,420
550,2544,15,430
854,2544,15,440
722,2544,15,450
729,2544,15,460
428,2544,18,470
340,2544,18,480
517,2544,18,490
273,2544,20,500
329,2544,20,510
349,2544,20,520
382,2544,19,530
314,2544,19,540
690,2544,19,550
638,2544,17,560
689,2544,17,570
370,2544,16,580
585,2544,16,590
583,2544,17,600
458,2544,16,610
392,2544,16,620
288,2544,21,630
295,2544,21,640
376,2544,21,650
245,2544,23,660
334,2544,23,670
293,2544,23,680
268,2544,23,690
355,2544,22,700
310,2544,22,710
365,2544,22,720
309,2544,22,730
345,2544,24,740
342,2544,24,750
353,2544,24,760
512,2545,12,10
461,2545,12,20
504,2545,12,30
424,2545,13,40
535,2545,13,50
446,2545,13,60
462,2545,9,70
469,2545,9,80
464,2545,9,90
559,2545,11,100
291,2545,11,110
608,2545,11,120
472,2545,10,130
496,2545,10,140
465,2545,8,150
487,2545,8,160
537,2545,8,170
444,2545,1,180
313,2545,1,190
278,2545,1,200
310,2545,1,210
290,2545,2,220
295,2545,2,230
371,2545,2,240
272,2545,3,250
283,2545,3,260
275,2545,3,270
314,2545,5,280
315,2545,5,290
313,2545,5,300
269,2545,4,310
298,2545,4,320
348,2545,4,330
314,2545,4,340
267,2545,6,350
292,2545,6,360
493,2545,7,370
455,2545,7,380
660,2545,14,390
689,2545,14,400
703,2545,14,410
636,2545,14,420
552,2545,15,430
766,2545,15,440
725,2545,15,450
762,2545,15,460
456,2545,18,470
352,2545,18,480
599,2545,18,490
253,2545,20,500
333,2545,20,510
335,2545,20,520
377,2545,19,530
307,2545,19,540
741,2545,19,550
650,2545,17,560
652,2545,17,570
382,2545,16,580
551,2545,16,590
586,2545,17,600
486,2545,16,610
392,2545,16,620
428,2545,21,630
291,2545,21,640
422,2545,21,650
337,2545,23,660
315,2545,23,670
329,2545,23,680
382,2545,23,690
357,2545,22,700
379,2545,22,710
430,2545,22,720
374,2545,22,730
337,2545,24,740
378,2545,24,750
348,2545,24,760
616,2546,12,10
553,2546,12,20
501,2546,12,30
451,2546,13,40
564,2546,13,50
497,2546,13,60
460,2546,9,70
538,2546,9,80
517,2546,9,90
554,2546,11,100
301,2546,11,110
663,2546,11,120
507,2546,10,130
517,2546,10,140
504,2546,8,150
493,2546,8,160
539,2546,8,170
411,2546,1,180
333,2546,1,190
311,2546,1,200
342,2546,1,210
294,2546,2,220
321,2546,2,230
384,2546,2,240
282,2546,3,250
313,2546,3,260
277,2546,3,270
362,2546,5,280
369,2546,5,290
323,2546,5,300
286,2546,4,310
302,2546,4,320
348,2546,4,330
328,2546,4,340
285,2546,6,350
306,2546,6,360
543,2546,7,370
530,2546,7,380
711,2546,14,390
692,2546,14,400
709,2546,14,410
648,2546,14,420
577,2546,15,430
786,2546,15,440
750,2546,15,450
801,2546,15,460
483,2546,18,470
368,2546,18,480
609,2546,18,490
310,2546,20,500
361,2546,20,510
379,2546,20,520
385,2546,19,530
347,2546,19,540
766,2546,19,550
685,2546,17,560
700,2546,17,570
490,2546,16,580
595,2546,16,590
594,2546,17,600
502,2546,16,610
423,2546,16,620
432,2546,21,630
343,2546,21,640
446,2546,21,650
363,2546,23,660
325,2546,23,670
357,2546,23,680
401,2546,23,690
390,2546,22,700
430,2546,22,710
457,2546,22,720
385,2546,22,730
338,2546,24,740
350,2546,24,750
403,2546,24,760
541,2547,12,10
514,2547,12,20
517,2547,12,30
605,2547,13,40
573,2547,13,50
425,2547,13,60
439,2547,9,70
482,2547,9,80
466,2547,9,90
601,2547,11,100
377,2547,11,110
613,2547,11,120
527,2547,10,130
523,2547,10,140
489,2547,8,150
491,2547,8,160
519,2547,8,170
277,2547,1,180
285,2547,1,190
277,2547,1,200
292,2547,1,210
286,2547,2,220
265,2547,2,230
330,2547,2,240
275,2547,3,250
302,2547,3,260
303,2547,3,270
363,2547,5,280
344,2547,5,290
308,2547,5,300
272,2547,4,310
311,2547,4,320
345,2547,4,330
329,2547,4,340
278,2547,6,350
305,2547,6,360
530,2547,7,370
521,2547,7,380
733,2547,14,390
703,2547,14,400
677,2547,14,410
661,2547,14,420
583,2547,15,430
778,2547,15,440
746,2547,15,450
735,2547,15,460
459,2547,18,470
363,2547,18,480
516,2547,18,490
305,2547,20,500
346,2547,20,510
375,2547,20,520
390,2547,19,530
378,2547,19,540
735,2547,19,550
611,2547,17,560
669,2547,17,570
417,2547,16,580
591,2547,16,590
562,2547,17,600
508,2547,16,610
418,2547,16,620
351,2547,21,630
279,2547,21,640
387,2547,21,650
320,2547,23,660
328,2547,23,670
330,2547,23,680
329,2547,23,690
344,2547,22,700
442,2547,22,710
437,2547,22,720
374,2547,22,730
339,2547,24,740
341,2547,24,750
376,2547,24,760
548,2548,12,10
518,2548,12,20
521,2548,12,30
587,2548,13,40
569,2548,13,50
432,2548,13,60
439,2548,9,70
492,2548,9,80
470,2548,9,90
582,2548,11,100
397,2548,11,110
627,2548,11,120
557,2548,10,130
548,2548,10,140
546,2548,8,150
499,2548,8,160
521,2548,8,170
279,2548,1,180
290,2548,1,190
299,2548,1,200
319,2548,1,210
317,2548,2,220
274,2548,2,230
338,2548,2,240
290,2548,3,250
314,2548,3,260
305,2548,3,270
367,2548,5,280
371,2548,5,290
333,2548,5,300
293,2548,4,310
320,2548,4,320
374,2548,4,330
332,2548,4,340
273,2548,6,350
306,2548,6,360
541,2548,7,370
535,2548,7,380
739,2548,14,390
723,2548,14,400
700,2548,14,410
664,2548,14,420
613,2548,15,430
781,2548,15,440
753,2548,15,450
752,2548,15,460
485,2548,18,470
371,2548,18,480
544,2548,18,490
312,2548,20,500
344,2548,20,510
378,2548,20,520
385,2548,19,530
363,2548,19,540
744,2548,19,550
631,2548,17,560
687,2548,17,570
494,2548,16,580
613,2548,16,590
579,2548,17,600
518,2548,16,610
434,2548,16,620
353,2548,21,630
284,2548,21,640
377,2548,21,650
308,2548,23,660
288,2548,23,670
336,2548,23,680
338,2548,23,690
346,2548,22,700
408,2548,22,710
412,2548,22,720
397,2548,22,730
331,2548,24,740
360,2548,24,750
381,2548,24,760
551,2549,12,10
524,2549,12,20
535,2549,12,30
452,2549,13,40
502,2549,13,50
458,2549,13,60
432,2549,9,70
514,2549,9,80
451,2549,9,90
595,2549,11,100
504,2549,11,110
602,2549,11,120
464,2549,10,130
502,2549,10,140
509,2549,8,150
497,2549,8,160
524,2549,8,170
374,2549,1,180
292,2549,1,190
314,2549,1,200
316,2549,1,210
319,2549,2,220
268,2549,2,230
347,2549,2,240
299,2549,3,250
314,2549,3,260
305,2549,3,270
367,2549,5,280
370,2549,5,290
327,2549,5,300
309,2549,4,310
316,2549,4,320
359,2549,4,330
320,2549,4,340
281,2549,6,350
297,2549,6,360
508,2549,7,370
510,2549,7,380
600,2549,14,390
657,2549,14,400
665,2549,14,410
442,2549,14,420
575,2549,15,430
764,2549,15,440
622,2549,15,450
706,2549,15,460
462,2549,18,470
368,2549,18,480
533,2549,18,490
339,2549,20,500
315,2549,20,510
367,2549,20,520
386,2549,19,530
423,2549,19,540
746,2549,19,550
641,2549,17,560
616,2549,17,570
504,2549,16,580
661,2549,16,590
576,2549,17,600
521,2549,16,610
430,2549,16,620
359,2549,21,630
297,2549,21,640
414,2549,21,650
312,2549,23,660
336,2549,23,670
351,2549,23,680
337,2549,23,690
357,2549,22,700
436,2549,22,710
430,2549,22,720
373,2549,22,730
338,2549,24,740
353,2549,24,750
372,2549,24,760
524,2550,12,10
512,2550,12,20
533,2550,12,30
503,2550,13,40
497,2550,13,50
450,2550,13,60
429,2550,9,70
513,2550,9,80
478,2550,9,90
594,2550,11,100
510,2550,11,110
603,2550,11,120
523,2550,10,130
533,2550,10,140
517,2550,8,150
499,2550,8,160
533,2550,8,170
368,2550,1,180
303,2550,1,190
317,2550,1,200
324,2550,1,210
328,2550,2,220
284,2550,2,230
335,2550,2,240
300,2550,3,250
322,2550,3,260
305,2550,3,270
368,2550,5,280
360,2550,5,290
323,2550,5,300
332,2550,4,310
322,2550,4,320
370,2550,4,330
345,2550,4,340
288,2550,6,350
299,2550,6,360
522,2550,7,370
531,2550,7,380
718,2550,14,390
721,2550,14,400
708,2550,14,410
649,2550,14,420
607,2550,15,430
771,2550,15,440
720,2550,15,450
722,2550,15,460
476,2550,18,470
372,2550,18,480
546,2550,18,490
298,2550,20,500
317,2550,20,510
403,2550,20,520
401,2550,19,530
434,2550,19,540
758,2550,19,550
645,2550,17,560
674,2550,17,570
525,2550,16,580
672,2550,16,590
641,2550,17,600
522,2550,16,610
421,2550,16,620
383,2550,21,630
308,2550,21,640
427,2550,21,650
327,2550,23,660
351,2550,23,670
370,2550,23,680
351,2550,23,690
388,2550,22,700
454,2550,22,710
436,2550,22,720
387,2550,22,730
347,2550,24,740
369,2550,24,750
384,2550,24,760
528,2551,12,10
507,2551,12,20
541,2551,12,30
532,2551,13,40
501,2551,13,50
456,2551,13,60
441,2551,9,70
515,2551,9,80
487,2551,9,90
596,2551,11,100
537,2551,11,110
612,2551,11,120
528,2551,10,130
547,2551,10,140
526,2551,8,150
503,2551,8,160
536,2551,8,170
381,2551,1,180
305,2551,1,190
308,2551,1,200
305,2551,1,210
323,2551,2,220
287,2551,2,230
331,2551,2,240
295,2551,3,250
311,2551,3,260
298,2551,3,270
359,2551,5,280
354,2551,5,290
323,2551,5,300
321,2551,4,310
317,2551,4,320
350,2551,4,330
320,2551,4,340
282,2551,6,350
291,2551,6,360
535,2551,7,370
515,2551,7,380
715,2551,14,390
691,2551,14,400
730,2551,14,410
704,2551,14,420
633,2551,15,430
775,2551,15,440
745,2551,15,450
752,2551,15,460
480,2551,18,470
366,2551,18,480
549,2551,18,490
309,2551,20,500
321,2551,20,510
386,2551,20,520
379,2551,19,530
404,2551,19,540
738,2551,19,550
639,2551,17,560
698,2551,17,570
529,2551,16,580
673,2551,16,590
658,2551,17,600
552,2551,16,610
426,2551,16,620
380,2551,21,630
306,2551,21,640
432,2551,21,650
331,2551,23,660
340,2551,23,670
358,2551,23,680
350,2551,23,690
370,2551,22,700
447,2551,22,710
447,2551,22,720
384,2551,22,730
342,2551,24,740
355,2551,24,750
367,2551,24,760
535,2552,12,10
535,2552,12,20
518,2552,12,30
519,2552,13,40
499,2552,13,50
451,2552,13,60
432,2552,9,70
496,2552,9,80
471,2552,9,90
587,2552,11,100
522,2552,11,110
611,2552,11,120
508,2552,10,130
509,2552,10,140
504,2552,8,150
496,2552,8,160
529,2552,8,170
386,2552,1,180
276,2552,1,190
303,2552,1,200
306,2552,1,210
320,2552,2,220
289,2552,2,230
335,2552,2,240
297,2552,3,250
316,2552,3,260
306,2552,3,270
372,2552,5,280
360,2552,5,290
325,2552,5,300
324,2552,4,310
326,2552,4,320
358,2552,4,330
322,2552,4,340
286,2552,6,350
287,2552,6,360
539,2552,7,370
532,2552,7,380
692,2552,14,390
688,2552,14,400
719,2552,14,410
677,2552,14,420
647,2552,15,430
779,2552,15,440
748,2552,15,450
757,2552,15,460
492,2552,18,470
410,2552,18,480
543,2552,18,490
318,2552,20,500
320,2552,20,510
391,2552,20,520
380,2552,19,530
399,2552,19,540
738,2552,19,550
641,2552,17,560
699,2552,17,570
532,2552,16,580
675,2552,16,590
665,2552,17,600
553,2552,16,610
423,2552,16,620
380,2552,21,630
311,2552,21,640
434,2552,21,650
335,2552,23,660
352,2552,23,670
354,2552,23,680
352,2552,23,690
373,2552,22,700
446,2552,22,710
448,2552,22,720
389,2552,22,730
363,2552,24,740
368,2552,24,750
371,2552,24,760
538,2553,12,10
540,2553,12,20
529,2553,12,30
509,2553,13,40
545,2553,13,50
502,2553,13,60
445,2553,9,70
508,2553,9,80
481,2553,9,90
591,2553,11,100
523,2553,11,110
584,2553,11,120
517,2553,10,130
512,2553,10,140
454,2553,8,150
438,2553,8,160
545,2553,8,170
393,2553,1,180
318,2553,1,190
313,2553,1,200
312,2553,1,210
327,2553,2,220
293,2553,2,230
307,2553,2,240
334,2553,3,250
317,2553,3,260
289,2553,3,270
385,2553,5,280
374,2553,5,290
368,2553,5,300
343,2553,4,310
336,2553,4,320
352,2553,4,330
310,2553,4,340
252,2553,6,350
255,2553,6,360
529,2553,7,370
450,2553,7,380
639,2553,14,390
582,2553,14,400
637,2553,14,410
609,2553,14,420
564,2553,15,430
756,2553,15,440
744,2553,15,450
635,2553,15,460
484,2553,18,470
392,2553,18,480
535,2553,18,490
335,2553,20,500
350,2553,20,510
400,2553,20,520
394,2553,19,530
414,2553,19,540
701,2553,19,550
620,2553,17,560
674,2553,17,570
579,2553,16,580
636,2553,16,590
594,2553,17,600
540,2553,16,610
458,2553,16,620
339,2553,21,630
302,2553,21,640
291,2553,21,650
310,2553,23,660
477,2553,23,670
328,2553,23,680
379,2553,23,690
344,2553,22,700
365,2553,22,710
390,2553,22,720
409,2553,22,730
350,2553,24,740
346,2553,24,750
362,2553,24,760
532,2554,12,10
537,2554,12,20
556,2554,12,30
517,2554,13,40
555,2554,13,50
412,2554,13,60
393,2554,9,70
502,2554,9,80
482,2554,9,90
658,2554,11,100
492,2554,11,110
614,2554,11,120
398,2554,10,130
443,2554,10,140
351,2554,8,150
527,2554,8,160
481,2554,8,170
401,2554,1,180
366,2554,1,190
349,2554,1,200
291,2554,1,210
273,2554,1,211
325,2554,2,220
283,2554,2,230
335,2554,2,240
344,2554,3,250
321,2554,3,260
322,2554,3,270
374,2554,5,280
351,2554,5,290
357,2554,5,300
341,2554,4,310
304,2554,4,320
334,2554,4,330
310,2554,4,340
276,2554,6,350
363,2554,6,360
459,2554,7,370
346,2554,7,380
505,2554,14,390
553,2554,14,400
668,2554,14,410
548,2554,14,420
411,2554,15,430
517,2554,15,440
498,2554,15,450
556,2554,15,460
474,2554,18,470
402,2554,18,480
559,2554,18,490
350,2554,20,500
335,2554,20,510
403,2554,20,520
404,2554,19,530
434,2554,19,540
733,2554,19,550
640,2554,17,560
549,2554,17,570
586,2554,16,580
665,2554,16,590
725,2554,17,600
684,2554,16,610
477,2554,16,620
393,2554,21,630
301,2554,21,640
371,2554,21,650
310,2554,23,660
434,2554,23,670
327,2554,23,680
396,2554,23,690
371,2554,22,700
404,2554,22,710
454,2554,22,720
391,2554,22,730
418,2554,24,740
356,2554,24,750
392,2554,24,760
606,2555,12,10
516,2555,12,20
562,2555,12,30
573,2555,13,40
633,2555,13,50
428,2555,13,60
442,2555,9,70
601,2555,9,80
570,2555,9,90
643,2555,11,100
503,2555,11,110
627,2555,11,120
610,2555,10,130
610,2555,10,140
558,2555,8,150
619,2555,8,160
551,2555,8,170
414,2555,1,180
270,2555,1,190
307,2555,1,200
353,2555,1,210
249,2555,1,211
299,2555,2,220
349,2555,2,230
262,2555,2,240
297,2555,3,250
269,2555,3,260
327,2555,3,270
353,2555,5,280
340,2555,5,290
323,2555,5,300
302,2555,4,310
275,2555,4,320
301,2555,4,330
278,2555,4,340
330,2555,6,350
276,2555,6,360
626,2555,7,370
546,2555,7,380
692,2555,14,390
659,2555,14,400
694,2555,14,410
668,2555,14,420
643,2555,15,430
717,2555,15,440
674,2555,15,450
741,2555,15,460
563,2555,18,470
367,2555,18,480
620,2555,18,490
275,2555,20,500
368,2555,20,510
398,2555,20,520
417,2555,19,530
456,2555,19,540
799,2555,19,550
679,2555,17,560
748,2555,17,570
604,2555,16,580
669,2555,16,590
639,2555,17,600
699,2555,16,610
547,2555,16,620
364,2555,21,630
332,2555,21,640
366,2555,21,650
321,2555,23,660
493,2555,23,670
346,2555,23,680
383,2555,23,690
450,2555,22,700
410,2555,22,710
562,2555,22,720
386,2555,22,730
369,2555,24,740
230,2555,24,750
349,2555,24,760
608,2556,12,10
562,2556,12,20
539,2556,12,30
553,2556,13,40
675,2556,13,50
392,2556,13,60
445,2556,9,70
607,2556,9,80
572,2556,9,90
614,2556,11,100
557,2556,11,110
630,2556,11,120
607,2556,10,130
614,2556,10,140
581,2556,8,150
624,2556,8,160
556,2556,8,170
400,2556,1,180
312,2556,1,190
349,2556,1,200
337,2556,1,210
280,2556,1,211
324,2556,2,220
368,2556,2,230
356,2556,2,240
347,2556,3,250
327,2556,3,260
322,2556,3,270
344,2556,5,280
356,2556,5,290
338,2556,5,300
336,2556,4,310
340,2556,4,320
362,2556,4,330
290,2556,4,340
310,2556,6,350
297,2556,6,360
630,2556,7,370
545,2556,7,380
698,2556,14,390
671,2556,14,400
709,2556,14,410
656,2556,14,420
666,2556,15,430
730,2556,15,440
673,2556,15,450
746,2556,15,460
562,2556,18,470
366,2556,18,480
630,2556,18,490
298,2556,20,500
361,2556,20,510
396,2556,20,520
401,2556,19,530
459,2556,19,540
800,2556,19,550
700,2556,17,560
755,2556,17,570
614,2556,16,580
684,2556,16,590
711,2556,17,600
703,2556,16,610
552,2556,16,620
364,2556,21,630
331,2556,21,640
388,2556,21,650
313,2556,23,660
492,2556,23,670
308,2556,23,680
379,2556,23,690
451,2556,22,700
454,2556,22,710
512,2556,22,720
392,2556,22,730
352,2556,24,740
350,2556,24,750
366,2556,24,760
588,2557,12,10
555,2557,12,20
521,2557,12,30
604,2557,13,40
653,2557,13,50
379,2557,13,60
429,2557,9,70
581,2557,9,80
557,2557,9,90
577,2557,11,100
548,2557,11,110
615,2557,11,120
576,2557,10,130
586,2557,10,140
576,2557,8,150
610,2557,8,160
548,2557,8,170
372,2557,1,180
313,2557,1,190
352,2557,1,200
366,2557,1,210
272,2557,1,211
316,2557,2,220
354,2557,2,230
378,2557,2,240
354,2557,3,250
316,2557,3,260
306,2557,3,270
358,2557,5,280
372,2557,5,290
359,2557,5,300
364,2557,4,310
360,2557,4,320
359,2557,4,330
285,2557,4,340
285,2557,6,350
300,2557,6,360
652,2557,7,370
515,2557,7,380
679,2557,14,390
667,2557,14,400
736,2557,14,410
647,2557,14,420
649,2557,15,430
699,2557,15,440
667,2557,15,450
700,2557,15,460
574,2557,18,470
433,2557,18,480
644,2557,18,490
317,2557,20,500
368,2557,20,510
415,2557,20,520
469,2557,19,530
485,2557,19,540
795,2557,19,550
699,2557,17,560
739,2557,17,570
573,2557,16,580
663,2557,16,590
702,2557,17,600
683,2557,16,610
532,2557,16,620
383,2557,21,630
330,2557,21,640
380,2557,21,650
323,2557,23,660
492,2557,23,670
305,2557,23,680
377,2557,23,690
445,2557,22,700
414,2557,22,710
525,2557,22,720
390,2557,22,730
373,2557,24,740
354,2557,24,750
326,2557,24,760
547,2558,12,10
448,2558,12,20
490,2558,12,30
578,2558,13,40
615,2558,13,50
390,2558,13,60
408,2558,9,70
572,2558,9,80
441,2558,9,90
524,2558,11,100
521,2558,11,110
460,2558,11,120
532,2558,10,130
558,2558,10,140
556,2558,8,150
611,2558,8,160
556,2558,8,170
370,2558,1,180
308,2558,1,190
358,2558,1,200
359,2558,1,210
275,2558,1,211
306,2558,2,220
337,2558,2,230
365,2558,2,240
347,2558,3,250
330,2558,3,260
322,2558,3,270
352,2558,5,280
372,2558,5,290
371,2558,5,300
346,2558,4,310
354,2558,4,320
362,2558,4,330
287,2558,4,340
310,2558,6,350
312,2558,6,360
621,2558,7,370
512,2558,7,380
675,2558,14,390
657,2558,14,400
707,2558,14,410
643,2558,14,420
648,2558,15,430
695,2558,15,440
659,2558,15,450
704,2558,15,460
558,2558,18,470
389,2558,18,480
616,2558,18,490
232,2558,20,500
357,2558,20,510
400,2558,20,520
440,2558,19,530
465,2558,19,540
737,2558,19,550
702,2558,17,560
725,2558,17,570
581,2558,16,580
664,2558,16,590
705,2558,17,600
691,2558,16,610
519,2558,16,620
365,2558,21,630
337,2558,21,640
438,2558,21,650
311,2558,23,660
493,2558,23,670
309,2558,23,680
386,2558,23,690
447,2558,22,700
430,2558,22,710
532,2558,22,720
390,2558,22,730
367,2558,24,740
354,2558,24,750
386,2558,24,760
577,2559,12,10
527,2559,12,20
521,2559,12,30
585,2559,13,40
625,2559,13,50
409,2559,13,60
424,2559,9,70
586,2559,9,80
525,2559,9,90
558,2559,11,100
530,2559,11,110
604,2559,11,120
569,2559,10,130
586,2559,10,140
576,2559,8,150
619,2559,8,160
570,2559,8,170
389,2559,1,180
319,2559,1,190
371,2559,1,200
368,2559,1,210
282,2559,1,211
335,2559,2,220
368,2559,2,230
376,2559,2,240
353,2559,3,250
335,2559,3,260
337,2559,3,270
380,2559,5,280
385,2559,5,290
373,2559,5,300
353,2559,4,310
367,2559,4,320
364,2559,4,330
301,2559,4,340
318,2559,6,350
345,2559,6,360
630,2559,7,370
537,2559,7,380
685,2559,14,390
670,2559,14,400
732,2559,14,410
653,2559,14,420
655,2559,15,430
718,2559,15,440
675,2559,15,450
710,2559,15,460
572,2559,18,470
414,2559,18,480
629,2559,18,490
311,2559,20,500
365,2559,20,510
411,2559,20,520
456,2559,19,530
475,2559,19,540
786,2559,19,550
705,2559,17,560
740,2559,17,570
597,2559,16,580
670,2559,16,590
712,2559,17,600
698,2559,16,610
541,2559,16,620
386,2559,21,630
340,2559,21,640
440,2559,21,650
324,2559,23,660
507,2559,23,670
311,2559,23,680
388,2559,23,690
384,2559,22,700
387,2559,22,710
537,2559,22,720
393,2559,22,730
355,2559,24,740
356,2559,24,750
390,2559,24,760
577,2560,12,10
527,2560,12,20
521,2560,12,30
585,2560,13,40
625,2560,13,50
409,2560,13,60
424,2560,9,70
586,2560,9,80
525,2560,9,90
558,2560,11,100
530,2560,11,110
604,2560,11,120
569,2560,10,130
586,2560,10,140
576,2560,8,150
619,2560,8,160
570,2560,8,170
389,2560,1,180
319,2560,1,190
371,2560,1,200
368,2560,1,210
282,2560,1,211
335,2560,2,220
368,2560,2,230
376,2560,2,240
353,2560,3,250
335,2560,3,260
337,2560,3,270
380,2560,5,280
385,2560,5,290
373,2560,5,300
353,2560,4,310
367,2560,4,320
364,2560,4,330
301,2560,4,340
318,2560,6,350
345,2560,6,360
630,2560,7,370
537,2560,7,380
685,2560,14,390
670,2560,14,400
732,2560,14,410
653,2560,14,420
655,2560,15,430
718,2560,15,440
675,2560,15,450
710,2560,15,460
572,2560,18,470
414,2560,18,480
629,2560,18,490
311,2560,20,500
365,2560,20,510
411,2560,20,520
456,2560,19,530
475,2560,19,540
786,2560,19,550
705,2560,17,560
740,2560,17,570
597,2560,16,580
670,2560,16,590
712,2560,17,600
698,2560,16,610
541,2560,16,620
386,2560,21,630
340,2560,21,640
440,2560,21,650
324,2560,23,660
507,2560,23,670
311,2560,23,680
388,2560,23,690
384,2560,22,700
387,2560,22,710
537,2560,22,720
393,2560,22,730
355,2560,24,740
356,2560,24,750
390,2560,24,760
442.0532,2561,12,10
381.481333333334,2561,12,20
451.956333333333,2561,12,30
410.849933333333,2561,13,40
527.7856,2561,13,50
400.539966666667,2561,13,60
427.5974,2561,9,70
516.2541,2561,9,80
462.492933333333,2561,9,90
594.0011,2561,11,100
505.757733333333,2561,11,120
527.778333333333,2561,10,130
513.5189,2561,10,140
555.512933333333,2561,8,150
432.744766666667,2561,8,160
484.931766666667,2561,8,170
338.855366666667,2561,1,180
334.2364,2561,1,200
281.766333333333,2561,1,210
328.152333333333,2561,2,220
329.685066666667,2561,2,230
341.5366,2561,2,240
294.7886,2561,3,250
285.34,2561,3,270
329.260266666667,2561,5,280
351.495233333333,2561,5,290
255.916066666667,2561,5,300
290.290366666667,2561,4,310
313.301666666667,2561,4,320
366.9819,2561,4,330
294.910666666666,2561,4,340
328.573733333333,2561,6,350
303.237,2561,6,360
473.842633333333,2561,7,370
538.653966666667,2561,7,380
647.196166666667,2561,14,390
573.339666666666,2561,14,400
524.468266666667,2561,14,410
659.051533333334,2561,14,420
690.5558,2561,15,430
754.482966666666,2561,15,440
642.877533333333,2561,15,450
664.527800000001,2561,15,460
454.527466666667,2561,18,470
307.978333333333,2561,18,480
530.561133333333,2561,18,490
338.054733333333,2561,20,510
346.531166666667,2561,20,520
382.854,2561,19,530
353.1318,2561,19,540
678.562666666667,2561,19,550
433.478133333334,2561,17,560
675.5481,2561,17,570
485.806966666667,2561,16,580
349.1604,2561,16,590
536.8502,2561,17,600
548.4446,2561,16,610
297.349566666667,2561,16,620
285.2341,2561,21,630
300.772933333333,2561,21,640
349.1004,2561,21,650
284.562466666667,2561,23,660
470.371333333333,2561,23,670
318.428433333333,2561,23,680
351.4709,2561,23,690
342.277566666667,2561,22,700
379.730133333333,2561,22,710
345.104633333333,2561,22,720
382.911666666666,2561,22,730
370.582233333333,2561,24,740
293.6158,2561,24,750
317.1178,2561,24,760
341.768,2561,11,110
283.7875,2561,1,190
293.3136,2561,3,260
305.6722,2561,20,500
285.1406,2561,1,211
423.953333333333,2562,12,10
534.868866666667,2562,12,20
460.555766666667,2562,12,30
465.941033333333,2562,13,40
516.747566666667,2562,13,50
427.091066666667,2562,13,60
431.853366666667,2562,9,70
427.645766666667,2562,9,80
480.713366666667,2562,9,90
516.8072,2562,11,100
563.219833333333,2562,11,120
564.085266666667,2562,10,130
561.911666666667,2562,10,140
519.362566666667,2562,8,150
535.3031,2562,8,160
410.3553,2562,8,170
296.835533333333,2562,1,180
314.532633333333,2562,1,200
336.587866666667,2562,1,210
312.5412,2562,2,220
283.8947,2562,2,230
377.358233333333,2562,2,240
360.182766666667,2562,3,250
303.8244,2562,3,270
327.478033333333,2562,5,280
328.299933333333,2562,5,290
352.0551,2562,5,300
311.1628,2562,4,310
342.542566666667,2562,4,320
343.446933333333,2562,4,330
298.388633333333,2562,4,340
295.167433333333,2562,6,350
329.3639,2562,6,360
441.1765,2562,7,370
348.363766666667,2562,7,380
469.6439,2562,14,390
496.475766666667,2562,14,400
696.7482,2562,14,410
600.016066666667,2562,14,420
487.521133333334,2562,15,430
716.3517,2562,15,440
604.960933333334,2562,15,450
688.944333333333,2562,15,460
436.3796,2562,18,470
286.748333333333,2562,18,480
614.744933333333,2562,18,490
342.2373,2562,20,510
308.395233333333,2562,20,520
348.254633333333,2562,19,530
377.279533333334,2562,19,540
668.936966666667,2562,19,550
749.939466666667,2562,17,560
572.032433333333,2562,17,570
437.364333333333,2562,16,580
506.6348,2562,16,590
587.4851,2562,17,600
379.155733333333,2562,16,610
407.819433333333,2562,16,620
303.253566666667,2562,21,630
315.367233333333,2562,21,640
305.2186,2562,21,650
301.749633333333,2562,23,660
414.4752,2562,23,670
379.6671,2562,23,680
348.2634,2562,23,690
367.453,2562,22,700
371.926866666667,2562,22,710
500.1916,2562,22,720
348.6241,2562,22,730
335.5021,2562,24,740
333.3976,2562,24,750
359.918433333333,2562,24,760
585.465766666666,2562,11,110
324.5085,2562,1,190
330.9526,2562,3,260
275.376733333333,2562,20,500
287.463466666667,2562,1,211
406.253066666667,2563,12,10
586.858633333333,2563,12,20
447.139733333333,2563,12,30
591.9068,2563,13,40
539.6022,2563,13,50
429.163566666667,2563,13,60
450.758433333334,2563,9,70
439.597,2563,9,80
570.3516,2563,9,90
532.833,2563,11,100
516.007833333334,2563,11,120
522.7021,2563,10,130
505.0304,2563,10,140
544.176633333333,2563,8,150
436.3279,2563,8,160
493.651566666667,2563,8,170
404.945633333333,2563,1,180
275.798233333333,2563,1,200
364.729733333334,2563,1,210
298.395933333333,2563,2,220
311.518966666667,2563,2,230
315.743266666667,2563,2,240
328.087933333333,2563,3,250
294.830733333333,2563,3,270
341.3276,2563,5,280
324.691,2563,5,290
328.878066666667,2563,5,300
309.139533333333,2563,4,310
307.6714,2563,4,320
359.810666666667,2563,4,330
284.081066666667,2563,4,340
257.2863,2563,6,350
318.181433333333,2563,6,360
454.731266666666,2563,7,370
546.550966666666,2563,7,380
689.744833333334,2563,14,390
503.945533333334,2563,14,400
631.946933333333,2563,14,410
503.7879,2563,14,420
421.168,2563,15,430
715.063466666667,2563,15,440
482.123233333333,2563,15,450
684.234666666667,2563,15,460
420.040533333333,2563,18,470
289.9915,2563,18,480
543.533766666667,2563,18,490
291.885366666667,2563,20,510
372.9777,2563,20,520
381.7535,2563,19,530
374.1407,2563,19,540
666.2264,2563,19,550
605.025433333333,2563,17,560
648.755633333334,2563,17,570
472.088333333334,2563,16,580
621.486966666667,2563,16,590
518.0973,2563,17,600
475.558333333333,2563,16,610
367.762933333333,2563,16,620
410.966666666667,2563,21,630
283.678066666667,2563,21,640
436.902833333333,2563,21,650
293.096433333333,2563,23,660
337.4101,2563,23,670
324.932733333333,2563,23,680
327.972166666667,2563,23,690
331.0839,2563,22,700
451.213533333333,2563,22,710
515.560633333333,2563,22,720
369.440966666667,2563,22,730
365.405466666666,2563,24,740
351.0636,2563,24,750
348.528933333333,2563,24,760
337.992466666667,2563,11,110
286.9752,2563,1,190
299.410733333333,2563,3,260
316.938566666667,2563,20,500
278.864266666667,2563,1,211
